Address, Source Line Number, Opcode, Operands, Functional Unit, Cycles, Binary Encoding
0x001900,6,s_load_dword,"s3, s[0:1], 0x1c",Scalar Memory,Varies,C00200C0 0000001C,
0x001908,6,s_load_dword,"s8, s[0:1], 0x38",Scalar Memory,Varies,C0020200 00000038,
0x001910,6,s_load_dwordx4,"s[4:7], s[0:1], 0x0",Scalar Memory,Varies,C00A0100 00000000,
0x001918,23,v_accvgpr_write_b32,"a3, 0",Vector ALU,Varies,D3D94003 18000080,
0x001920,6,s_waitcnt,"lgkmcnt(0)",Flow Control,Varies,BF8CC07F,
0x001924,6,s_and_b32,"s0, s3, 0xffff",Scalar ALU,4,8600FF03 0000FFFF,
0x00192C,6,s_mul_i32,"s2, s2, s0",Scalar ALU,4,92020002,
0x001930,6,s_add_i32,"s8, s8, s2",Scalar ALU,4,81080208,
0x001934,6,v_add_u32_e32,"v1, s8, v0",Vector ALU,Varies,68020008,
0x001938,6,v_mov_b32_e32,"v0, 0",Vector ALU,Varies,7E000280,
0x00193C,6,v_ashrrev_i64,"v[64:65], 30, v[0:1]",Vector ALU,Varies,D2910040 0002009E,
0x001944,6,v_lshl_add_u64,"v[2:3], s[6:7], 0, v[64:65]",Vector ALU,Varies,D2080002 05010006,
0x00194C,6,global_load_dword,"v68, v[2:3], off",Vector Memory,Varies,DC508000 447F0002,
0x001954,6,s_mov_b32,"s2, 0x3c003c00",Scalar ALU,4,BE8200FF 3C003C00,
0x00195C,6,s_mov_b32,"s3, s2",Scalar ALU,4,BE830002,
0x001960,6,s_mov_b32,"s0, 32",Scalar ALU,4,BE8000A0,
0x001964,23,v_accvgpr_write_b32,"a2, 0",Vector ALU,Varies,D3D94002 18000080,
0x00196C,23,v_accvgpr_write_b32,"a1, 0",Vector ALU,Varies,D3D94001 18000080,
0x001974,23,v_accvgpr_write_b32,"a7, 0",Vector ALU,Varies,D3D94007 18000080,
0x00197C,23,v_accvgpr_write_b32,"a6, 0",Vector ALU,Varies,D3D94006 18000080,
0x001984,23,v_accvgpr_write_b32,"a5, 0",Vector ALU,Varies,D3D94005 18000080,
0x00198C,23,v_accvgpr_write_b32,"a11, 0",Vector ALU,Varies,D3D9400B 18000080,
0x001994,23,v_accvgpr_write_b32,"a10, 0",Vector ALU,Varies,D3D9400A 18000080,
0x00199C,23,v_accvgpr_write_b32,"a9, 0",Vector ALU,Varies,D3D94009 18000080,
0x0019A4,23,v_accvgpr_write_b32,"a15, 0",Vector ALU,Varies,D3D9400F 18000080,
0x0019AC,23,v_accvgpr_write_b32,"a14, 0",Vector ALU,Varies,D3D9400E 18000080,
0x0019B4,23,v_accvgpr_write_b32,"a13, 0",Vector ALU,Varies,D3D9400D 18000080,
0x0019BC,23,v_accvgpr_write_b32,"a19, 0",Vector ALU,Varies,D3D94013 18000080,
0x0019C4,23,v_accvgpr_write_b32,"a18, 0",Vector ALU,Varies,D3D94012 18000080,
0x0019CC,23,v_accvgpr_write_b32,"a17, 0",Vector ALU,Varies,D3D94011 18000080,
0x0019D4,23,v_accvgpr_write_b32,"a23, 0",Vector ALU,Varies,D3D94017 18000080,
0x0019DC,23,v_accvgpr_write_b32,"a22, 0",Vector ALU,Varies,D3D94016 18000080,
0x0019E4,23,v_accvgpr_write_b32,"a21, 0",Vector ALU,Varies,D3D94015 18000080,
0x0019EC,23,v_accvgpr_write_b32,"a27, 0",Vector ALU,Varies,D3D9401B 18000080,
0x0019F4,23,v_accvgpr_write_b32,"a26, 0",Vector ALU,Varies,D3D9401A 18000080,
0x0019FC,23,v_accvgpr_write_b32,"a25, 0",Vector ALU,Varies,D3D94019 18000080,
0x001A04,23,v_accvgpr_write_b32,"a31, 0",Vector ALU,Varies,D3D9401F 18000080,
0x001A0C,23,v_accvgpr_write_b32,"a30, 0",Vector ALU,Varies,D3D9401E 18000080,
0x001A14,23,v_accvgpr_write_b32,"a29, 0",Vector ALU,Varies,D3D9401D 18000080,
0x001A1C,23,v_accvgpr_write_b32,"a35, 0",Vector ALU,Varies,D3D94023 18000080,
0x001A24,23,v_accvgpr_write_b32,"a34, 0",Vector ALU,Varies,D3D94022 18000080,
0x001A2C,23,v_accvgpr_write_b32,"a33, 0",Vector ALU,Varies,D3D94021 18000080,
0x001A34,23,v_accvgpr_write_b32,"a39, 0",Vector ALU,Varies,D3D94027 18000080,
0x001A3C,23,v_accvgpr_write_b32,"a38, 0",Vector ALU,Varies,D3D94026 18000080,
0x001A44,23,v_accvgpr_write_b32,"a37, 0",Vector ALU,Varies,D3D94025 18000080,
0x001A4C,23,v_accvgpr_write_b32,"a43, 0",Vector ALU,Varies,D3D9402B 18000080,
0x001A54,23,v_accvgpr_write_b32,"a42, 0",Vector ALU,Varies,D3D9402A 18000080,
0x001A5C,23,v_accvgpr_write_b32,"a41, 0",Vector ALU,Varies,D3D94029 18000080,
0x001A64,23,v_accvgpr_write_b32,"a47, 0",Vector ALU,Varies,D3D9402F 18000080,
0x001A6C,23,v_accvgpr_write_b32,"a46, 0",Vector ALU,Varies,D3D9402E 18000080,
0x001A74,23,v_accvgpr_write_b32,"a45, 0",Vector ALU,Varies,D3D9402D 18000080,
0x001A7C,23,v_accvgpr_write_b32,"a51, 0",Vector ALU,Varies,D3D94033 18000080,
0x001A84,23,v_accvgpr_write_b32,"a50, 0",Vector ALU,Varies,D3D94032 18000080,
0x001A8C,23,v_accvgpr_write_b32,"a49, 0",Vector ALU,Varies,D3D94031 18000080,
0x001A94,23,v_accvgpr_write_b32,"a55, 0",Vector ALU,Varies,D3D94037 18000080,
0x001A9C,23,v_accvgpr_write_b32,"a54, 0",Vector ALU,Varies,D3D94036 18000080,
0x001AA4,23,v_accvgpr_write_b32,"a53, 0",Vector ALU,Varies,D3D94035 18000080,
0x001AAC,23,v_accvgpr_write_b32,"a59, 0",Vector ALU,Varies,D3D9403B 18000080,
0x001AB4,23,v_accvgpr_write_b32,"a58, 0",Vector ALU,Varies,D3D9403A 18000080,
0x001ABC,23,v_accvgpr_write_b32,"a57, 0",Vector ALU,Varies,D3D94039 18000080,
0x001AC4,23,v_accvgpr_write_b32,"a63, 0",Vector ALU,Varies,D3D9403F 18000080,
0x001ACC,23,v_accvgpr_write_b32,"a62, 0",Vector ALU,Varies,D3D9403E 18000080,
0x001AD4,23,v_accvgpr_write_b32,"a61, 0",Vector ALU,Varies,D3D9403D 18000080,
0x001ADC,23,v_mov_b64_e32,"v[66:67], s[2:3]",Vector ALU,Varies,7E847002,
0x001AE0,23,v_mov_b32_e32,"v4, v0",Vector ALU,Varies,7E080300,
0x001AE4,23,v_mov_b32_e32,"v8, v0",Vector ALU,Varies,7E100300,
0x001AE8,23,v_mov_b32_e32,"v12, v0",Vector ALU,Varies,7E180300,
0x001AEC,23,v_mov_b32_e32,"v16, v0",Vector ALU,Varies,7E200300,
0x001AF0,23,v_mov_b32_e32,"v20, v0",Vector ALU,Varies,7E280300,
0x001AF4,23,v_mov_b32_e32,"v24, v0",Vector ALU,Varies,7E300300,
0x001AF8,23,v_mov_b32_e32,"v28, v0",Vector ALU,Varies,7E380300,
0x001AFC,23,v_mov_b32_e32,"v32, v0",Vector ALU,Varies,7E400300,
0x001B00,23,v_mov_b32_e32,"v36, v0",Vector ALU,Varies,7E480300,
0x001B04,23,v_mov_b32_e32,"v40, v0",Vector ALU,Varies,7E500300,
0x001B08,23,v_mov_b32_e32,"v44, v0",Vector ALU,Varies,7E580300,
0x001B0C,23,v_mov_b32_e32,"v48, v0",Vector ALU,Varies,7E600300,
0x001B10,23,v_mov_b32_e32,"v52, v0",Vector ALU,Varies,7E680300,
0x001B14,23,v_mov_b32_e32,"v56, v0",Vector ALU,Varies,7E700300,
0x001B18,23,v_mov_b32_e32,"v60, v0",Vector ALU,Varies,7E780300,
0x001B1C,23,s_mov_b32,"s33, 0",Scalar ALU,4,BEA10080,
L0:
0x001B20,23,v_accvgpr_read_b32,"v63, a3",Vector ALU,Varies,D3D8403F 18000103,
0x001B28,23,v_accvgpr_read_b32,"v62, a2",Vector ALU,Varies,D3D8403E 18000102,
0x001B30,23,v_accvgpr_read_b32,"v61, a1",Vector ALU,Varies,D3D8403D 18000101,
0x001B38,23,v_accvgpr_read_b32,"v59, a7",Vector ALU,Varies,D3D8403B 18000107,
0x001B40,23,v_accvgpr_read_b32,"v58, a6",Vector ALU,Varies,D3D8403A 18000106,
0x001B48,23,v_accvgpr_read_b32,"v57, a5",Vector ALU,Varies,D3D84039 18000105,
0x001B50,23,v_accvgpr_read_b32,"v55, a11",Vector ALU,Varies,D3D84037 1800010B,
0x001B58,23,v_accvgpr_read_b32,"v54, a10",Vector ALU,Varies,D3D84036 1800010A,
0x001B60,23,v_accvgpr_read_b32,"v53, a9",Vector ALU,Varies,D3D84035 18000109,
0x001B68,23,v_accvgpr_write_b32,"a0, v60",Vector ALU,Varies,D3D94000 1800013C,
0x001B70,23,v_accvgpr_write_b32,"a4, v56",Vector ALU,Varies,D3D94004 18000138,
0x001B78,23,v_accvgpr_write_b32,"a8, v52",Vector ALU,Varies,D3D94008 18000134,
0x001B80,23,v_accvgpr_write_b32,"a1, v61",Vector ALU,Varies,D3D94001 1800013D,
0x001B88,23,v_accvgpr_write_b32,"a2, v62",Vector ALU,Varies,D3D94002 1800013E,
0x001B90,23,v_accvgpr_write_b32,"a3, v63",Vector ALU,Varies,D3D94003 1800013F,
0x001B98,23,v_accvgpr_write_b32,"a5, v57",Vector ALU,Varies,D3D94005 18000139,
0x001BA0,23,v_accvgpr_write_b32,"a6, v58",Vector ALU,Varies,D3D94006 1800013A,
0x001BA8,23,v_accvgpr_write_b32,"a7, v59",Vector ALU,Varies,D3D94007 1800013B,
0x001BB0,23,v_accvgpr_write_b32,"a9, v53",Vector ALU,Varies,D3D94009 18000135,
0x001BB8,23,v_accvgpr_write_b32,"a10, v54",Vector ALU,Varies,D3D9400A 18000136,
0x001BC0,23,v_accvgpr_write_b32,"a11, v55",Vector ALU,Varies,D3D9400B 18000137,
0x001BC8,23,v_mfma_f32_16x16x16_f16,"a[0:3], v[66:67], v[66:67], a[0:3]",Vector ALU,Varies,D3CD8000 04028542,
0x001BD0,23,v_accvgpr_read_b32,"v31, a35",Vector ALU,Varies,D3D8401F 18000123,
0x001BD8,23,v_accvgpr_read_b32,"v27, a39",Vector ALU,Varies,D3D8401B 18000127,
0x001BE0,23,v_accvgpr_read_b32,"v23, a43",Vector ALU,Varies,D3D84017 1800012B,
0x001BE8,23,v_mfma_f32_16x16x16_f16,"a[4:7], v[66:67], v[66:67], a[4:7]",Vector ALU,Varies,D3CD8004 04128542,
0x001BF0,23,v_accvgpr_read_b32,"v19, a47",Vector ALU,Varies,D3D84013 1800012F,
0x001BF8,23,v_accvgpr_read_b32,"v15, a51",Vector ALU,Varies,D3D8400F 18000133,
0x001C00,23,v_accvgpr_read_b32,"v11, a55",Vector ALU,Varies,D3D8400B 18000137,
0x001C08,23,v_mfma_f32_16x16x16_f16,"a[8:11], v[66:67], v[66:67], a[8:11]",Vector ALU,Varies,D3CD8008 04228542,
0x001C10,23,v_accvgpr_read_b32,"v7, a59",Vector ALU,Varies,D3D84007 1800013B,
0x001C18,23,v_accvgpr_read_b32,"v3, a63",Vector ALU,Varies,D3D84003 1800013F,
0x001C20,23,v_accvgpr_read_b32,"v51, a15",Vector ALU,Varies,D3D84033 1800010F,
0x001C28,23,v_accvgpr_read_b32,"v50, a14",Vector ALU,Varies,D3D84032 1800010E,
0x001C30,23,v_accvgpr_read_b32,"v49, a13",Vector ALU,Varies,D3D84031 1800010D,
0x001C38,23,v_accvgpr_read_b32,"v47, a19",Vector ALU,Varies,D3D8402F 18000113,
0x001C40,23,v_accvgpr_read_b32,"v46, a18",Vector ALU,Varies,D3D8402E 18000112,
0x001C48,23,v_accvgpr_read_b32,"v45, a17",Vector ALU,Varies,D3D8402D 18000111,
0x001C50,23,v_accvgpr_read_b32,"v43, a23",Vector ALU,Varies,D3D8402B 18000117,
0x001C58,23,v_accvgpr_read_b32,"v42, a22",Vector ALU,Varies,D3D8402A 18000116,
0x001C60,23,v_accvgpr_read_b32,"v41, a21",Vector ALU,Varies,D3D84029 18000115,
0x001C68,23,v_accvgpr_read_b32,"v39, a27",Vector ALU,Varies,D3D84027 1800011B,
0x001C70,23,v_accvgpr_read_b32,"v38, a26",Vector ALU,Varies,D3D84026 1800011A,
0x001C78,23,v_accvgpr_read_b32,"v37, a25",Vector ALU,Varies,D3D84025 18000119,
0x001C80,23,v_accvgpr_read_b32,"v35, a31",Vector ALU,Varies,D3D84023 1800011F,
0x001C88,23,v_accvgpr_read_b32,"v34, a30",Vector ALU,Varies,D3D84022 1800011E,
0x001C90,23,v_accvgpr_read_b32,"v33, a29",Vector ALU,Varies,D3D84021 1800011D,
0x001C98,23,v_accvgpr_read_b32,"v30, a34",Vector ALU,Varies,D3D8401E 18000122,
0x001CA0,23,v_accvgpr_write_b32,"a12, v48",Vector ALU,Varies,D3D9400C 18000130,
0x001CA8,23,v_accvgpr_read_b32,"v29, a33",Vector ALU,Varies,D3D8401D 18000121,
0x001CB0,23,v_accvgpr_write_b32,"a16, v44",Vector ALU,Varies,D3D94010 1800012C,
0x001CB8,23,v_accvgpr_read_b32,"v26, a38",Vector ALU,Varies,D3D8401A 18000126,
0x001CC0,23,v_accvgpr_read_b32,"v25, a37",Vector ALU,Varies,D3D84019 18000125,
0x001CC8,23,v_accvgpr_write_b32,"a20, v40",Vector ALU,Varies,D3D94014 18000128,
0x001CD0,23,v_accvgpr_read_b32,"v22, a42",Vector ALU,Varies,D3D84016 1800012A,
0x001CD8,23,v_accvgpr_write_b32,"a24, v36",Vector ALU,Varies,D3D94018 18000124,
0x001CE0,23,v_accvgpr_read_b32,"v21, a41",Vector ALU,Varies,D3D84015 18000129,
0x001CE8,23,v_accvgpr_write_b32,"a28, v32",Vector ALU,Varies,D3D9401C 18000120,
0x001CF0,23,v_accvgpr_read_b32,"v18, a46",Vector ALU,Varies,D3D84012 1800012E,
0x001CF8,23,v_accvgpr_read_b32,"v17, a45",Vector ALU,Varies,D3D84011 1800012D,
0x001D00,23,v_accvgpr_write_b32,"a35, v31",Vector ALU,Varies,D3D94023 1800011F,
0x001D08,23,v_accvgpr_read_b32,"v14, a50",Vector ALU,Varies,D3D8400E 18000132,
0x001D10,23,v_accvgpr_write_b32,"a39, v27",Vector ALU,Varies,D3D94027 1800011B,
0x001D18,23,v_accvgpr_read_b32,"v13, a49",Vector ALU,Varies,D3D8400D 18000131,
0x001D20,23,v_accvgpr_write_b32,"a43, v23",Vector ALU,Varies,D3D9402B 18000117,
0x001D28,23,v_accvgpr_read_b32,"v10, a54",Vector ALU,Varies,D3D8400A 18000136,
0x001D30,23,v_accvgpr_read_b32,"v9, a53",Vector ALU,Varies,D3D84009 18000135,
0x001D38,23,v_accvgpr_write_b32,"a47, v19",Vector ALU,Varies,D3D9402F 18000113,
0x001D40,23,v_accvgpr_read_b32,"v6, a58",Vector ALU,Varies,D3D84006 1800013A,
0x001D48,23,v_accvgpr_write_b32,"a51, v15",Vector ALU,Varies,D3D94033 1800010F,
0x001D50,23,v_accvgpr_read_b32,"v5, a57",Vector ALU,Varies,D3D84005 18000139,
0x001D58,23,v_accvgpr_write_b32,"a55, v11",Vector ALU,Varies,D3D94037 1800010B,
0x001D60,23,v_accvgpr_read_b32,"v2, a62",Vector ALU,Varies,D3D84002 1800013E,
0x001D68,23,v_accvgpr_read_b32,"v1, a61",Vector ALU,Varies,D3D84001 1800013D,
0x001D70,23,v_accvgpr_write_b32,"a59, v7",Vector ALU,Varies,D3D9403B 18000107,
0x001D78,23,v_accvgpr_write_b32,"a63, v3",Vector ALU,Varies,D3D9403F 18000103,
0x001D80,23,v_accvgpr_write_b32,"a13, v49",Vector ALU,Varies,D3D9400D 18000131,
0x001D88,23,v_accvgpr_write_b32,"a14, v50",Vector ALU,Varies,D3D9400E 18000132,
0x001D90,23,v_accvgpr_write_b32,"a15, v51",Vector ALU,Varies,D3D9400F 18000133,
0x001D98,23,v_accvgpr_write_b32,"a17, v45",Vector ALU,Varies,D3D94011 1800012D,
0x001DA0,23,v_accvgpr_write_b32,"a18, v46",Vector ALU,Varies,D3D94012 1800012E,
0x001DA8,23,v_accvgpr_write_b32,"a19, v47",Vector ALU,Varies,D3D94013 1800012F,
0x001DB0,23,v_accvgpr_write_b32,"a21, v41",Vector ALU,Varies,D3D94015 18000129,
0x001DB8,23,v_accvgpr_write_b32,"a22, v42",Vector ALU,Varies,D3D94016 1800012A,
0x001DC0,23,v_accvgpr_write_b32,"a23, v43",Vector ALU,Varies,D3D94017 1800012B,
0x001DC8,23,v_accvgpr_write_b32,"a25, v37",Vector ALU,Varies,D3D94019 18000125,
0x001DD0,23,v_accvgpr_write_b32,"a26, v38",Vector ALU,Varies,D3D9401A 18000126,
0x001DD8,23,v_accvgpr_write_b32,"a27, v39",Vector ALU,Varies,D3D9401B 18000127,
0x001DE0,23,v_accvgpr_write_b32,"a29, v33",Vector ALU,Varies,D3D9401D 18000121,
0x001DE8,23,v_accvgpr_write_b32,"a30, v34",Vector ALU,Varies,D3D9401E 18000122,
0x001DF0,23,v_accvgpr_write_b32,"a31, v35",Vector ALU,Varies,D3D9401F 18000123,
0x001DF8,23,v_accvgpr_write_b32,"a34, v30",Vector ALU,Varies,D3D94022 1800011E,
0x001E00,23,v_accvgpr_write_b32,"a33, v29",Vector ALU,Varies,D3D94021 1800011D,
0x001E08,23,v_accvgpr_write_b32,"a32, v28",Vector ALU,Varies,D3D94020 1800011C,
0x001E10,23,v_accvgpr_write_b32,"a38, v26",Vector ALU,Varies,D3D94026 1800011A,
0x001E18,23,v_accvgpr_write_b32,"a37, v25",Vector ALU,Varies,D3D94025 18000119,
0x001E20,23,v_accvgpr_write_b32,"a36, v24",Vector ALU,Varies,D3D94024 18000118,
0x001E28,23,v_accvgpr_write_b32,"a42, v22",Vector ALU,Varies,D3D9402A 18000116,
0x001E30,23,v_accvgpr_write_b32,"a41, v21",Vector ALU,Varies,D3D94029 18000115,
0x001E38,23,v_accvgpr_write_b32,"a40, v20",Vector ALU,Varies,D3D94028 18000114,
0x001E40,23,v_accvgpr_write_b32,"a46, v18",Vector ALU,Varies,D3D9402E 18000112,
0x001E48,23,v_accvgpr_write_b32,"a45, v17",Vector ALU,Varies,D3D9402D 18000111,
0x001E50,23,v_accvgpr_write_b32,"a44, v16",Vector ALU,Varies,D3D9402C 18000110,
0x001E58,23,v_accvgpr_write_b32,"a50, v14",Vector ALU,Varies,D3D94032 1800010E,
0x001E60,23,v_accvgpr_write_b32,"a49, v13",Vector ALU,Varies,D3D94031 1800010D,
0x001E68,23,v_accvgpr_write_b32,"a48, v12",Vector ALU,Varies,D3D94030 1800010C,
0x001E70,23,v_accvgpr_write_b32,"a54, v10",Vector ALU,Varies,D3D94036 1800010A,
0x001E78,23,v_accvgpr_write_b32,"a53, v9",Vector ALU,Varies,D3D94035 18000109,
0x001E80,23,v_accvgpr_write_b32,"a52, v8",Vector ALU,Varies,D3D94034 18000108,
0x001E88,23,v_accvgpr_write_b32,"a58, v6",Vector ALU,Varies,D3D9403A 18000106,
0x001E90,23,v_accvgpr_write_b32,"a57, v5",Vector ALU,Varies,D3D94039 18000105,
0x001E98,23,v_accvgpr_write_b32,"a56, v4",Vector ALU,Varies,D3D94038 18000104,
0x001EA0,23,v_accvgpr_write_b32,"a62, v2",Vector ALU,Varies,D3D9403E 18000102,
0x001EA8,23,v_accvgpr_write_b32,"a61, v1",Vector ALU,Varies,D3D9403D 18000101,
0x001EB0,23,v_accvgpr_write_b32,"a60, v0",Vector ALU,Varies,D3D9403C 18000100,
0x001EB8,23,v_mfma_f32_16x16x16_f16,"a[12:15], v[66:67], v[66:67], a[12:15]",Vector ALU,Varies,D3CD800C 04328542,
0x001EC0,27,v_accvgpr_read_b32,"v52, a0",Vector ALU,Varies,D3D84034 18000100,
0x001EC8,27,v_accvgpr_read_b32,"v0, a0",Vector ALU,Varies,D3D84000 18000100,
0x001ED0,27,v_accvgpr_read_b32,"v53, a4",Vector ALU,Varies,D3D84035 18000104,
0x001ED8,23,v_mfma_f32_16x16x16_f16,"a[16:19], v[66:67], v[66:67], a[16:19]",Vector ALU,Varies,D3CD8010 04428542,
0x001EE0,27,v_accvgpr_read_b32,"v4, a4",Vector ALU,Varies,D3D84004 18000104,
0x001EE8,27,v_accvgpr_read_b32,"v54, a8",Vector ALU,Varies,D3D84036 18000108,
0x001EF0,27,v_accvgpr_read_b32,"v8, a8",Vector ALU,Varies,D3D84008 18000108,
0x001EF8,23,v_mfma_f32_16x16x16_f16,"a[20:23], v[66:67], v[66:67], a[20:23]",Vector ALU,Varies,D3CD8014 04528542,
0x001F00,27,s_waitcnt,"vmcnt(0)",Flow Control,Varies,BF8C0F70,
0x001F04,27,v_add_f32_e32,"v0, v68, v52",Vector ALU,Varies,02006944,
0x001F08,27,v_add_f32_e32,"v4, v68, v53",Vector ALU,Varies,02086B44,
0x001F0C,27,v_add_f32_e32,"v8, v68, v54",Vector ALU,Varies,02106D44,
0x001F10,23,v_mfma_f32_16x16x16_f16,"a[24:27], v[66:67], v[66:67], a[24:27]",Vector ALU,Varies,D3CD8018 04628542,
0x001F18,27,v_accvgpr_read_b32,"v1, a1",Vector ALU,Varies,D3D84001 18000101,
0x001F20,27,v_accvgpr_read_b32,"v2, a2",Vector ALU,Varies,D3D84002 18000102,
0x001F28,27,v_accvgpr_read_b32,"v3, a3",Vector ALU,Varies,D3D84003 18000103,
0x001F30,23,v_mfma_f32_16x16x16_f16,"a[28:31], v[66:67], v[66:67], a[28:31]",Vector ALU,Varies,D3CD801C 04728542,
0x001F38,27,v_accvgpr_read_b32,"v5, a5",Vector ALU,Varies,D3D84005 18000105,
0x001F40,27,v_accvgpr_read_b32,"v6, a6",Vector ALU,Varies,D3D84006 18000106,
0x001F48,27,v_accvgpr_read_b32,"v7, a7",Vector ALU,Varies,D3D84007 18000107,
0x001F50,23,v_mfma_f32_16x16x16_f16,"a[32:35], v[66:67], v[66:67], a[32:35]",Vector ALU,Varies,D3CD8020 04828542,
0x001F58,27,v_accvgpr_read_b32,"v9, a9",Vector ALU,Varies,D3D84009 18000109,
0x001F60,27,v_accvgpr_read_b32,"v10, a10",Vector ALU,Varies,D3D8400A 1800010A,
0x001F68,27,v_accvgpr_read_b32,"v11, a11",Vector ALU,Varies,D3D8400B 1800010B,
0x001F70,23,v_mfma_f32_16x16x16_f16,"a[36:39], v[66:67], v[66:67], a[36:39]",Vector ALU,Varies,D3CD8024 04928542,
0x001F78,23,v_accvgpr_write_b32,"a0, v0",Vector ALU,Varies,D3D94000 18000100,
0x001F80,23,v_accvgpr_write_b32,"a4, v4",Vector ALU,Varies,D3D94004 18000104,
0x001F88,23,v_accvgpr_write_b32,"a8, v8",Vector ALU,Varies,D3D94008 18000108,
0x001F90,23,v_mfma_f32_16x16x16_f16,"a[40:43], v[66:67], v[66:67], a[40:43]",Vector ALU,Varies,D3CD8028 04A28542,
0x001F98,27,v_accvgpr_read_b32,"v55, a12",Vector ALU,Varies,D3D84037 1800010C,
0x001FA0,27,v_accvgpr_read_b32,"v12, a12",Vector ALU,Varies,D3D8400C 1800010C,
0x001FA8,27,v_accvgpr_read_b32,"v56, a16",Vector ALU,Varies,D3D84038 18000110,
0x001FB0,23,v_mfma_f32_16x16x16_f16,"a[44:47], v[66:67], v[66:67], a[44:47]",Vector ALU,Varies,D3CD802C 04B28542,
0x001FB8,27,v_accvgpr_read_b32,"v16, a16",Vector ALU,Varies,D3D84010 18000110,
0x001FC0,27,v_accvgpr_read_b32,"v57, a20",Vector ALU,Varies,D3D84039 18000114,
0x001FC8,27,v_accvgpr_read_b32,"v20, a20",Vector ALU,Varies,D3D84014 18000114,
0x001FD0,23,v_mfma_f32_16x16x16_f16,"a[48:51], v[66:67], v[66:67], a[48:51]",Vector ALU,Varies,D3CD8030 04C28542,
0x001FD8,27,v_accvgpr_read_b32,"v58, a24",Vector ALU,Varies,D3D8403A 18000118,
0x001FE0,27,v_accvgpr_read_b32,"v24, a24",Vector ALU,Varies,D3D84018 18000118,
0x001FE8,27,v_accvgpr_read_b32,"v59, a28",Vector ALU,Varies,D3D8403B 1800011C,
0x001FF0,23,v_mfma_f32_16x16x16_f16,"a[52:55], v[66:67], v[66:67], a[52:55]",Vector ALU,Varies,D3CD8034 04D28542,
0x001FF8,27,v_accvgpr_read_b32,"v28, a28",Vector ALU,Varies,D3D8401C 1800011C,
0x002000,27,v_accvgpr_read_b32,"v60, a32",Vector ALU,Varies,D3D8403C 18000120,
0x002008,27,v_accvgpr_read_b32,"v32, a32",Vector ALU,Varies,D3D84020 18000120,
0x002010,23,v_mfma_f32_16x16x16_f16,"a[56:59], v[66:67], v[66:67], a[56:59]",Vector ALU,Varies,D3CD8038 04E28542,
0x002018,27,v_accvgpr_read_b32,"v61, a36",Vector ALU,Varies,D3D8403D 18000124,
0x002020,27,v_accvgpr_read_b32,"v36, a36",Vector ALU,Varies,D3D84024 18000124,
0x002028,27,v_accvgpr_read_b32,"v62, a40",Vector ALU,Varies,D3D8403E 18000128,
0x002030,23,v_mfma_f32_16x16x16_f16,"a[60:63], v[66:67], v[66:67], a[60:63]",Vector ALU,Varies,D3CD803C 04F28542,
0x002038,27,v_accvgpr_read_b32,"v40, a40",Vector ALU,Varies,D3D84028 18000128,
0x002040,27,v_accvgpr_read_b32,"v63, a44",Vector ALU,Varies,D3D8403F 1800012C,
0x002048,27,v_accvgpr_read_b32,"v44, a44",Vector ALU,Varies,D3D8402C 1800012C,
0x002050,27,v_accvgpr_read_b32,"v69, a48",Vector ALU,Varies,D3D84045 18000130,
0x002058,27,v_accvgpr_read_b32,"v48, a48",Vector ALU,Varies,D3D84030 18000130,
0x002060,23,v_accvgpr_write_b32,"a1, v1",Vector ALU,Varies,D3D94001 18000101,
0x002068,23,v_accvgpr_write_b32,"a2, v2",Vector ALU,Varies,D3D94002 18000102,
0x002070,23,v_accvgpr_write_b32,"a3, v3",Vector ALU,Varies,D3D94003 18000103,
0x002078,27,v_accvgpr_read_b32,"v0, a52",Vector ALU,Varies,D3D84000 18000134,
0x002080,23,v_accvgpr_write_b32,"a5, v5",Vector ALU,Varies,D3D94005 18000105,
0x002088,23,v_accvgpr_write_b32,"a6, v6",Vector ALU,Varies,D3D94006 18000106,
0x002090,23,v_accvgpr_write_b32,"a7, v7",Vector ALU,Varies,D3D94007 18000107,
0x002098,27,v_accvgpr_read_b32,"v4, a56",Vector ALU,Varies,D3D84004 18000138,
0x0020A0,23,v_accvgpr_write_b32,"a9, v9",Vector ALU,Varies,D3D94009 18000109,
0x0020A8,23,v_accvgpr_write_b32,"a10, v10",Vector ALU,Varies,D3D9400A 1800010A,
0x0020B0,23,v_accvgpr_write_b32,"a11, v11",Vector ALU,Varies,D3D9400B 1800010B,
0x0020B8,27,v_accvgpr_read_b32,"v8, a60",Vector ALU,Varies,D3D84008 1800013C,
0x0020C0,27,v_accvgpr_read_b32,"v52, a52",Vector ALU,Varies,D3D84034 18000134,
0x0020C8,27,v_accvgpr_read_b32,"v3, a55",Vector ALU,Varies,D3D84003 18000137,
0x0020D0,27,v_accvgpr_read_b32,"v53, a56",Vector ALU,Varies,D3D84035 18000138,
0x0020D8,23,v_mfma_f32_16x16x16_f16,"a[0:3], v[66:67], v[66:67], a[0:3]",Vector ALU,Varies,D3CD8000 04028542,
0x0020E0,27,v_accvgpr_read_b32,"v7, a59",Vector ALU,Varies,D3D84007 1800013B,
0x0020E8,27,v_accvgpr_read_b32,"v54, a60",Vector ALU,Varies,D3D84036 1800013C,
0x0020F0,27,v_accvgpr_read_b32,"v11, a63",Vector ALU,Varies,D3D8400B 1800013F,
0x0020F8,23,v_mfma_f32_16x16x16_f16,"a[4:7], v[66:67], v[66:67], a[4:7]",Vector ALU,Varies,D3CD8004 04128542,
0x002100,27,v_add_f32_e32,"v12, v68, v55",Vector ALU,Varies,02186F44,
0x002104,27,v_add_f32_e32,"v16, v68, v56",Vector ALU,Varies,02207144,
0x002108,27,v_add_f32_e32,"v20, v68, v57",Vector ALU,Varies,02287344,
0x00210C,23,v_mfma_f32_16x16x16_f16,"a[8:11], v[66:67], v[66:67], a[8:11]",Vector ALU,Varies,D3CD8008 04228542,
0x002114,27,v_add_f32_e32,"v24, v68, v58",Vector ALU,Varies,02307544,
0x002118,27,v_add_f32_e32,"v28, v68, v59",Vector ALU,Varies,02387744,
0x00211C,27,v_add_f32_e32,"v32, v68, v60",Vector ALU,Varies,02407944,
0x002120,27,v_add_f32_e32,"v36, v68, v61",Vector ALU,Varies,02487B44,
0x002124,27,v_add_f32_e32,"v40, v68, v62",Vector ALU,Varies,02507D44,
0x002128,27,v_add_f32_e32,"v44, v68, v63",Vector ALU,Varies,02587F44,
0x00212C,27,v_add_f32_e32,"v48, v68, v69",Vector ALU,Varies,02608B44,
0x002130,27,v_accvgpr_read_b32,"v13, a13",Vector ALU,Varies,D3D8400D 1800010D,
0x002138,27,v_accvgpr_read_b32,"v14, a14",Vector ALU,Varies,D3D8400E 1800010E,
0x002140,27,v_accvgpr_read_b32,"v15, a15",Vector ALU,Varies,D3D8400F 1800010F,
0x002148,27,v_accvgpr_read_b32,"v17, a17",Vector ALU,Varies,D3D84011 18000111,
0x002150,27,v_accvgpr_read_b32,"v18, a18",Vector ALU,Varies,D3D84012 18000112,
0x002158,27,v_accvgpr_read_b32,"v19, a19",Vector ALU,Varies,D3D84013 18000113,
0x002160,27,v_accvgpr_read_b32,"v21, a21",Vector ALU,Varies,D3D84015 18000115,
0x002168,27,v_accvgpr_read_b32,"v22, a22",Vector ALU,Varies,D3D84016 18000116,
0x002170,27,v_accvgpr_read_b32,"v23, a23",Vector ALU,Varies,D3D84017 18000117,
0x002178,27,v_accvgpr_read_b32,"v25, a25",Vector ALU,Varies,D3D84019 18000119,
0x002180,27,v_accvgpr_read_b32,"v26, a26",Vector ALU,Varies,D3D8401A 1800011A,
0x002188,27,v_accvgpr_read_b32,"v27, a27",Vector ALU,Varies,D3D8401B 1800011B,
0x002190,27,v_accvgpr_read_b32,"v29, a29",Vector ALU,Varies,D3D8401D 1800011D,
0x002198,27,v_accvgpr_read_b32,"v30, a30",Vector ALU,Varies,D3D8401E 1800011E,
0x0021A0,27,v_accvgpr_read_b32,"v31, a31",Vector ALU,Varies,D3D8401F 1800011F,
0x0021A8,27,v_accvgpr_read_b32,"v33, a33",Vector ALU,Varies,D3D84021 18000121,
0x0021B0,27,v_accvgpr_read_b32,"v34, a34",Vector ALU,Varies,D3D84022 18000122,
0x0021B8,27,v_accvgpr_read_b32,"v35, a35",Vector ALU,Varies,D3D84023 18000123,
0x0021C0,27,v_accvgpr_read_b32,"v37, a37",Vector ALU,Varies,D3D84025 18000125,
0x0021C8,27,v_accvgpr_read_b32,"v38, a38",Vector ALU,Varies,D3D84026 18000126,
0x0021D0,27,v_accvgpr_read_b32,"v39, a39",Vector ALU,Varies,D3D84027 18000127,
0x0021D8,27,v_accvgpr_read_b32,"v41, a41",Vector ALU,Varies,D3D84029 18000129,
0x0021E0,27,v_accvgpr_read_b32,"v42, a42",Vector ALU,Varies,D3D8402A 1800012A,
0x0021E8,27,v_accvgpr_read_b32,"v43, a43",Vector ALU,Varies,D3D8402B 1800012B,
0x0021F0,27,v_accvgpr_read_b32,"v45, a45",Vector ALU,Varies,D3D8402D 1800012D,
0x0021F8,27,v_accvgpr_read_b32,"v46, a46",Vector ALU,Varies,D3D8402E 1800012E,
0x002200,27,v_accvgpr_read_b32,"v47, a47",Vector ALU,Varies,D3D8402F 1800012F,
0x002208,27,v_accvgpr_read_b32,"v49, a49",Vector ALU,Varies,D3D84031 18000131,
0x002210,27,v_accvgpr_read_b32,"v50, a50",Vector ALU,Varies,D3D84032 18000132,
0x002218,27,v_accvgpr_read_b32,"v51, a51",Vector ALU,Varies,D3D84033 18000133,
0x002220,27,v_accvgpr_read_b32,"v1, a53",Vector ALU,Varies,D3D84001 18000135,
0x002228,27,v_accvgpr_read_b32,"v2, a54",Vector ALU,Varies,D3D84002 18000136,
0x002230,27,v_accvgpr_read_b32,"v5, a57",Vector ALU,Varies,D3D84005 18000139,
0x002238,27,v_accvgpr_read_b32,"v6, a58",Vector ALU,Varies,D3D84006 1800013A,
0x002240,27,v_accvgpr_read_b32,"v9, a61",Vector ALU,Varies,D3D84009 1800013D,
0x002248,27,v_accvgpr_read_b32,"v10, a62",Vector ALU,Varies,D3D8400A 1800013E,
0x002250,23,v_accvgpr_write_b32,"a12, v12",Vector ALU,Varies,D3D9400C 1800010C,
0x002258,23,v_accvgpr_write_b32,"a16, v16",Vector ALU,Varies,D3D94010 18000110,
0x002260,23,v_accvgpr_write_b32,"a20, v20",Vector ALU,Varies,D3D94014 18000114,
0x002268,23,v_accvgpr_write_b32,"a24, v24",Vector ALU,Varies,D3D94018 18000118,
0x002270,23,v_accvgpr_write_b32,"a28, v28",Vector ALU,Varies,D3D9401C 1800011C,
0x002278,23,v_accvgpr_write_b32,"a32, v32",Vector ALU,Varies,D3D94020 18000120,
0x002280,23,v_accvgpr_write_b32,"a36, v36",Vector ALU,Varies,D3D94024 18000124,
0x002288,23,v_accvgpr_write_b32,"a40, v40",Vector ALU,Varies,D3D94028 18000128,
0x002290,23,v_accvgpr_write_b32,"a44, v44",Vector ALU,Varies,D3D9402C 1800012C,
0x002298,23,v_accvgpr_write_b32,"a48, v48",Vector ALU,Varies,D3D94030 18000130,
0x0022A0,27,v_add_f32_e32,"v0, v68, v52",Vector ALU,Varies,02006944,
0x0022A4,23,v_accvgpr_write_b32,"a55, v3",Vector ALU,Varies,D3D94037 18000103,
0x0022AC,27,v_add_f32_e32,"v4, v68, v53",Vector ALU,Varies,02086B44,
0x0022B0,23,v_accvgpr_write_b32,"a59, v7",Vector ALU,Varies,D3D9403B 18000107,
0x0022B8,27,v_add_f32_e32,"v8, v68, v54",Vector ALU,Varies,02106D44,
0x0022BC,23,v_accvgpr_write_b32,"a63, v11",Vector ALU,Varies,D3D9403F 1800010B,
0x0022C4,23,v_accvgpr_write_b32,"a13, v13",Vector ALU,Varies,D3D9400D 1800010D,
0x0022CC,23,v_accvgpr_write_b32,"a14, v14",Vector ALU,Varies,D3D9400E 1800010E,
0x0022D4,23,v_accvgpr_write_b32,"a15, v15",Vector ALU,Varies,D3D9400F 1800010F,
0x0022DC,23,v_accvgpr_write_b32,"a17, v17",Vector ALU,Varies,D3D94011 18000111,
0x0022E4,23,v_accvgpr_write_b32,"a18, v18",Vector ALU,Varies,D3D94012 18000112,
0x0022EC,23,v_accvgpr_write_b32,"a19, v19",Vector ALU,Varies,D3D94013 18000113,
0x0022F4,23,v_accvgpr_write_b32,"a21, v21",Vector ALU,Varies,D3D94015 18000115,
0x0022FC,23,v_accvgpr_write_b32,"a22, v22",Vector ALU,Varies,D3D94016 18000116,
0x002304,23,v_accvgpr_write_b32,"a23, v23",Vector ALU,Varies,D3D94017 18000117,
0x00230C,23,v_accvgpr_write_b32,"a25, v25",Vector ALU,Varies,D3D94019 18000119,
0x002314,23,v_accvgpr_write_b32,"a26, v26",Vector ALU,Varies,D3D9401A 1800011A,
0x00231C,23,v_accvgpr_write_b32,"a27, v27",Vector ALU,Varies,D3D9401B 1800011B,
0x002324,23,v_accvgpr_write_b32,"a29, v29",Vector ALU,Varies,D3D9401D 1800011D,
0x00232C,23,v_accvgpr_write_b32,"a30, v30",Vector ALU,Varies,D3D9401E 1800011E,
0x002334,23,v_accvgpr_write_b32,"a31, v31",Vector ALU,Varies,D3D9401F 1800011F,
0x00233C,23,v_accvgpr_write_b32,"a33, v33",Vector ALU,Varies,D3D94021 18000121,
0x002344,23,v_accvgpr_write_b32,"a34, v34",Vector ALU,Varies,D3D94022 18000122,
0x00234C,23,v_accvgpr_write_b32,"a35, v35",Vector ALU,Varies,D3D94023 18000123,
0x002354,23,v_accvgpr_write_b32,"a37, v37",Vector ALU,Varies,D3D94025 18000125,
0x00235C,23,v_accvgpr_write_b32,"a38, v38",Vector ALU,Varies,D3D94026 18000126,
0x002364,23,v_accvgpr_write_b32,"a39, v39",Vector ALU,Varies,D3D94027 18000127,
0x00236C,23,v_accvgpr_write_b32,"a41, v41",Vector ALU,Varies,D3D94029 18000129,
0x002374,23,v_accvgpr_write_b32,"a42, v42",Vector ALU,Varies,D3D9402A 1800012A,
0x00237C,23,v_accvgpr_write_b32,"a43, v43",Vector ALU,Varies,D3D9402B 1800012B,
0x002384,23,v_accvgpr_write_b32,"a45, v45",Vector ALU,Varies,D3D9402D 1800012D,
0x00238C,23,v_accvgpr_write_b32,"a46, v46",Vector ALU,Varies,D3D9402E 1800012E,
0x002394,23,v_accvgpr_write_b32,"a47, v47",Vector ALU,Varies,D3D9402F 1800012F,
0x00239C,23,v_accvgpr_write_b32,"a49, v49",Vector ALU,Varies,D3D94031 18000131,
0x0023A4,23,v_accvgpr_write_b32,"a50, v50",Vector ALU,Varies,D3D94032 18000132,
0x0023AC,23,v_accvgpr_write_b32,"a51, v51",Vector ALU,Varies,D3D94033 18000133,
0x0023B4,23,v_accvgpr_write_b32,"a54, v2",Vector ALU,Varies,D3D94036 18000102,
0x0023BC,23,v_accvgpr_write_b32,"a53, v1",Vector ALU,Varies,D3D94035 18000101,
0x0023C4,23,v_accvgpr_write_b32,"a52, v0",Vector ALU,Varies,D3D94034 18000100,
0x0023CC,23,v_accvgpr_write_b32,"a58, v6",Vector ALU,Varies,D3D9403A 18000106,
0x0023D4,23,v_accvgpr_write_b32,"a57, v5",Vector ALU,Varies,D3D94039 18000105,
0x0023DC,23,v_accvgpr_write_b32,"a56, v4",Vector ALU,Varies,D3D94038 18000104,
0x0023E4,23,v_accvgpr_write_b32,"a62, v10",Vector ALU,Varies,D3D9403E 1800010A,
0x0023EC,23,v_accvgpr_write_b32,"a61, v9",Vector ALU,Varies,D3D9403D 18000109,
0x0023F4,23,v_accvgpr_write_b32,"a60, v8",Vector ALU,Varies,D3D9403C 18000108,
0x0023FC,23,v_mfma_f32_16x16x16_f16,"a[12:15], v[66:67], v[66:67], a[12:15]",Vector ALU,Varies,D3CD800C 04328542,
0x002404,27,v_accvgpr_read_b32,"v52, a0",Vector ALU,Varies,D3D84034 18000100,
0x00240C,27,v_accvgpr_read_b32,"v0, a0",Vector ALU,Varies,D3D84000 18000100,
0x002414,27,v_accvgpr_read_b32,"v53, a4",Vector ALU,Varies,D3D84035 18000104,
0x00241C,23,v_mfma_f32_16x16x16_f16,"a[16:19], v[66:67], v[66:67], a[16:19]",Vector ALU,Varies,D3CD8010 04428542,
0x002424,27,v_accvgpr_read_b32,"v4, a4",Vector ALU,Varies,D3D84004 18000104,
0x00242C,27,v_accvgpr_read_b32,"v54, a8",Vector ALU,Varies,D3D84036 18000108,
0x002434,27,v_accvgpr_read_b32,"v8, a8",Vector ALU,Varies,D3D84008 18000108,
0x00243C,23,v_mfma_f32_16x16x16_f16,"a[20:23], v[66:67], v[66:67], a[20:23]",Vector ALU,Varies,D3CD8014 04528542,
0x002444,27,v_add_f32_e32,"v0, v68, v52",Vector ALU,Varies,02006944,
0x002448,27,v_add_f32_e32,"v4, v68, v53",Vector ALU,Varies,02086B44,
0x00244C,27,v_add_f32_e32,"v8, v68, v54",Vector ALU,Varies,02106D44,
0x002450,23,v_mfma_f32_16x16x16_f16,"a[24:27], v[66:67], v[66:67], a[24:27]",Vector ALU,Varies,D3CD8018 04628542,
0x002458,27,v_accvgpr_read_b32,"v1, a1",Vector ALU,Varies,D3D84001 18000101,
0x002460,27,v_accvgpr_read_b32,"v2, a2",Vector ALU,Varies,D3D84002 18000102,
0x002468,27,v_accvgpr_read_b32,"v3, a3",Vector ALU,Varies,D3D84003 18000103,
0x002470,23,v_mfma_f32_16x16x16_f16,"a[28:31], v[66:67], v[66:67], a[28:31]",Vector ALU,Varies,D3CD801C 04728542,
0x002478,27,v_accvgpr_read_b32,"v5, a5",Vector ALU,Varies,D3D84005 18000105,
0x002480,27,v_accvgpr_read_b32,"v6, a6",Vector ALU,Varies,D3D84006 18000106,
0x002488,27,v_accvgpr_read_b32,"v7, a7",Vector ALU,Varies,D3D84007 18000107,
0x002490,23,v_mfma_f32_16x16x16_f16,"a[32:35], v[66:67], v[66:67], a[32:35]",Vector ALU,Varies,D3CD8020 04828542,
0x002498,27,v_accvgpr_read_b32,"v9, a9",Vector ALU,Varies,D3D84009 18000109,
0x0024A0,27,v_accvgpr_read_b32,"v10, a10",Vector ALU,Varies,D3D8400A 1800010A,
0x0024A8,27,v_accvgpr_read_b32,"v11, a11",Vector ALU,Varies,D3D8400B 1800010B,
0x0024B0,23,v_mfma_f32_16x16x16_f16,"a[36:39], v[66:67], v[66:67], a[36:39]",Vector ALU,Varies,D3CD8024 04928542,
0x0024B8,23,v_accvgpr_write_b32,"a0, v0",Vector ALU,Varies,D3D94000 18000100,
0x0024C0,23,v_accvgpr_write_b32,"a4, v4",Vector ALU,Varies,D3D94004 18000104,
0x0024C8,23,v_accvgpr_write_b32,"a8, v8",Vector ALU,Varies,D3D94008 18000108,
0x0024D0,23,v_mfma_f32_16x16x16_f16,"a[40:43], v[66:67], v[66:67], a[40:43]",Vector ALU,Varies,D3CD8028 04A28542,
0x0024D8,27,v_accvgpr_read_b32,"v55, a12",Vector ALU,Varies,D3D84037 1800010C,
0x0024E0,27,v_accvgpr_read_b32,"v12, a12",Vector ALU,Varies,D3D8400C 1800010C,
0x0024E8,27,v_accvgpr_read_b32,"v56, a16",Vector ALU,Varies,D3D84038 18000110,
0x0024F0,23,v_mfma_f32_16x16x16_f16,"a[44:47], v[66:67], v[66:67], a[44:47]",Vector ALU,Varies,D3CD802C 04B28542,
0x0024F8,27,v_accvgpr_read_b32,"v16, a16",Vector ALU,Varies,D3D84010 18000110,
0x002500,27,v_accvgpr_read_b32,"v57, a20",Vector ALU,Varies,D3D84039 18000114,
0x002508,27,v_accvgpr_read_b32,"v20, a20",Vector ALU,Varies,D3D84014 18000114,
0x002510,23,v_mfma_f32_16x16x16_f16,"a[48:51], v[66:67], v[66:67], a[48:51]",Vector ALU,Varies,D3CD8030 04C28542,
0x002518,27,v_accvgpr_read_b32,"v58, a24",Vector ALU,Varies,D3D8403A 18000118,
0x002520,27,v_accvgpr_read_b32,"v24, a24",Vector ALU,Varies,D3D84018 18000118,
0x002528,27,v_accvgpr_read_b32,"v59, a28",Vector ALU,Varies,D3D8403B 1800011C,
0x002530,23,v_mfma_f32_16x16x16_f16,"a[52:55], v[66:67], v[66:67], a[52:55]",Vector ALU,Varies,D3CD8034 04D28542,
0x002538,27,v_accvgpr_read_b32,"v28, a28",Vector ALU,Varies,D3D8401C 1800011C,
0x002540,27,v_accvgpr_read_b32,"v60, a32",Vector ALU,Varies,D3D8403C 18000120,
0x002548,27,v_accvgpr_read_b32,"v32, a32",Vector ALU,Varies,D3D84020 18000120,
0x002550,23,v_mfma_f32_16x16x16_f16,"a[56:59], v[66:67], v[66:67], a[56:59]",Vector ALU,Varies,D3CD8038 04E28542,
0x002558,27,v_accvgpr_read_b32,"v61, a36",Vector ALU,Varies,D3D8403D 18000124,
0x002560,27,v_accvgpr_read_b32,"v36, a36",Vector ALU,Varies,D3D84024 18000124,
0x002568,27,v_accvgpr_read_b32,"v62, a40",Vector ALU,Varies,D3D8403E 18000128,
0x002570,23,v_mfma_f32_16x16x16_f16,"a[60:63], v[66:67], v[66:67], a[60:63]",Vector ALU,Varies,D3CD803C 04F28542,
0x002578,27,v_accvgpr_read_b32,"v40, a40",Vector ALU,Varies,D3D84028 18000128,
0x002580,27,v_accvgpr_read_b32,"v63, a44",Vector ALU,Varies,D3D8403F 1800012C,
0x002588,27,v_accvgpr_read_b32,"v44, a44",Vector ALU,Varies,D3D8402C 1800012C,
0x002590,27,v_accvgpr_read_b32,"v69, a48",Vector ALU,Varies,D3D84045 18000130,
0x002598,27,v_accvgpr_read_b32,"v48, a48",Vector ALU,Varies,D3D84030 18000130,
0x0025A0,23,v_accvgpr_write_b32,"a1, v1",Vector ALU,Varies,D3D94001 18000101,
0x0025A8,23,v_accvgpr_write_b32,"a2, v2",Vector ALU,Varies,D3D94002 18000102,
0x0025B0,23,v_accvgpr_write_b32,"a3, v3",Vector ALU,Varies,D3D94003 18000103,
0x0025B8,27,v_accvgpr_read_b32,"v0, a52",Vector ALU,Varies,D3D84000 18000134,
0x0025C0,23,v_accvgpr_write_b32,"a5, v5",Vector ALU,Varies,D3D94005 18000105,
0x0025C8,23,v_accvgpr_write_b32,"a6, v6",Vector ALU,Varies,D3D94006 18000106,
0x0025D0,23,v_accvgpr_write_b32,"a7, v7",Vector ALU,Varies,D3D94007 18000107,
0x0025D8,27,v_accvgpr_read_b32,"v4, a56",Vector ALU,Varies,D3D84004 18000138,
0x0025E0,23,v_accvgpr_write_b32,"a9, v9",Vector ALU,Varies,D3D94009 18000109,
0x0025E8,23,v_accvgpr_write_b32,"a10, v10",Vector ALU,Varies,D3D9400A 1800010A,
0x0025F0,23,v_accvgpr_write_b32,"a11, v11",Vector ALU,Varies,D3D9400B 1800010B,
0x0025F8,27,v_accvgpr_read_b32,"v8, a60",Vector ALU,Varies,D3D84008 1800013C,
0x002600,27,v_accvgpr_read_b32,"v52, a52",Vector ALU,Varies,D3D84034 18000134,
0x002608,27,v_accvgpr_read_b32,"v3, a55",Vector ALU,Varies,D3D84003 18000137,
0x002610,27,v_accvgpr_read_b32,"v53, a56",Vector ALU,Varies,D3D84035 18000138,
0x002618,23,v_mfma_f32_16x16x16_f16,"a[0:3], v[66:67], v[66:67], a[0:3]",Vector ALU,Varies,D3CD8000 04028542,
0x002620,27,v_accvgpr_read_b32,"v7, a59",Vector ALU,Varies,D3D84007 1800013B,
0x002628,27,v_accvgpr_read_b32,"v54, a60",Vector ALU,Varies,D3D84036 1800013C,
0x002630,27,v_accvgpr_read_b32,"v11, a63",Vector ALU,Varies,D3D8400B 1800013F,
0x002638,23,v_mfma_f32_16x16x16_f16,"a[4:7], v[66:67], v[66:67], a[4:7]",Vector ALU,Varies,D3CD8004 04128542,
0x002640,27,v_add_f32_e32,"v12, v68, v55",Vector ALU,Varies,02186F44,
0x002644,27,v_add_f32_e32,"v16, v68, v56",Vector ALU,Varies,02207144,
0x002648,27,v_add_f32_e32,"v20, v68, v57",Vector ALU,Varies,02287344,
0x00264C,23,v_mfma_f32_16x16x16_f16,"a[8:11], v[66:67], v[66:67], a[8:11]",Vector ALU,Varies,D3CD8008 04228542,
0x002654,27,v_add_f32_e32,"v24, v68, v58",Vector ALU,Varies,02307544,
0x002658,27,v_add_f32_e32,"v28, v68, v59",Vector ALU,Varies,02387744,
0x00265C,27,v_add_f32_e32,"v32, v68, v60",Vector ALU,Varies,02407944,
0x002660,27,v_add_f32_e32,"v36, v68, v61",Vector ALU,Varies,02487B44,
0x002664,27,v_add_f32_e32,"v40, v68, v62",Vector ALU,Varies,02507D44,
0x002668,27,v_add_f32_e32,"v44, v68, v63",Vector ALU,Varies,02587F44,
0x00266C,27,v_add_f32_e32,"v48, v68, v69",Vector ALU,Varies,02608B44,
0x002670,27,v_accvgpr_read_b32,"v13, a13",Vector ALU,Varies,D3D8400D 1800010D,
0x002678,27,v_accvgpr_read_b32,"v14, a14",Vector ALU,Varies,D3D8400E 1800010E,
0x002680,27,v_accvgpr_read_b32,"v15, a15",Vector ALU,Varies,D3D8400F 1800010F,
0x002688,27,v_accvgpr_read_b32,"v17, a17",Vector ALU,Varies,D3D84011 18000111,
0x002690,27,v_accvgpr_read_b32,"v18, a18",Vector ALU,Varies,D3D84012 18000112,
0x002698,27,v_accvgpr_read_b32,"v19, a19",Vector ALU,Varies,D3D84013 18000113,
0x0026A0,27,v_accvgpr_read_b32,"v21, a21",Vector ALU,Varies,D3D84015 18000115,
0x0026A8,27,v_accvgpr_read_b32,"v22, a22",Vector ALU,Varies,D3D84016 18000116,
0x0026B0,27,v_accvgpr_read_b32,"v23, a23",Vector ALU,Varies,D3D84017 18000117,
0x0026B8,27,v_accvgpr_read_b32,"v25, a25",Vector ALU,Varies,D3D84019 18000119,
0x0026C0,27,v_accvgpr_read_b32,"v26, a26",Vector ALU,Varies,D3D8401A 1800011A,
0x0026C8,27,v_accvgpr_read_b32,"v27, a27",Vector ALU,Varies,D3D8401B 1800011B,
0x0026D0,27,v_accvgpr_read_b32,"v29, a29",Vector ALU,Varies,D3D8401D 1800011D,
0x0026D8,27,v_accvgpr_read_b32,"v30, a30",Vector ALU,Varies,D3D8401E 1800011E,
0x0026E0,27,v_accvgpr_read_b32,"v31, a31",Vector ALU,Varies,D3D8401F 1800011F,
0x0026E8,27,v_accvgpr_read_b32,"v33, a33",Vector ALU,Varies,D3D84021 18000121,
0x0026F0,27,v_accvgpr_read_b32,"v34, a34",Vector ALU,Varies,D3D84022 18000122,
0x0026F8,27,v_accvgpr_read_b32,"v35, a35",Vector ALU,Varies,D3D84023 18000123,
0x002700,27,v_accvgpr_read_b32,"v37, a37",Vector ALU,Varies,D3D84025 18000125,
0x002708,27,v_accvgpr_read_b32,"v38, a38",Vector ALU,Varies,D3D84026 18000126,
0x002710,27,v_accvgpr_read_b32,"v39, a39",Vector ALU,Varies,D3D84027 18000127,
0x002718,27,v_accvgpr_read_b32,"v41, a41",Vector ALU,Varies,D3D84029 18000129,
0x002720,27,v_accvgpr_read_b32,"v42, a42",Vector ALU,Varies,D3D8402A 1800012A,
0x002728,27,v_accvgpr_read_b32,"v43, a43",Vector ALU,Varies,D3D8402B 1800012B,
0x002730,27,v_accvgpr_read_b32,"v45, a45",Vector ALU,Varies,D3D8402D 1800012D,
0x002738,27,v_accvgpr_read_b32,"v46, a46",Vector ALU,Varies,D3D8402E 1800012E,
0x002740,27,v_accvgpr_read_b32,"v47, a47",Vector ALU,Varies,D3D8402F 1800012F,
0x002748,27,v_accvgpr_read_b32,"v49, a49",Vector ALU,Varies,D3D84031 18000131,
0x002750,27,v_accvgpr_read_b32,"v50, a50",Vector ALU,Varies,D3D84032 18000132,
0x002758,27,v_accvgpr_read_b32,"v51, a51",Vector ALU,Varies,D3D84033 18000133,
0x002760,27,v_accvgpr_read_b32,"v1, a53",Vector ALU,Varies,D3D84001 18000135,
0x002768,27,v_accvgpr_read_b32,"v2, a54",Vector ALU,Varies,D3D84002 18000136,
0x002770,27,v_accvgpr_read_b32,"v5, a57",Vector ALU,Varies,D3D84005 18000139,
0x002778,27,v_accvgpr_read_b32,"v6, a58",Vector ALU,Varies,D3D84006 1800013A,
0x002780,27,v_accvgpr_read_b32,"v9, a61",Vector ALU,Varies,D3D84009 1800013D,
0x002788,27,v_accvgpr_read_b32,"v10, a62",Vector ALU,Varies,D3D8400A 1800013E,
0x002790,23,v_accvgpr_write_b32,"a12, v12",Vector ALU,Varies,D3D9400C 1800010C,
0x002798,23,v_accvgpr_write_b32,"a16, v16",Vector ALU,Varies,D3D94010 18000110,
0x0027A0,23,v_accvgpr_write_b32,"a20, v20",Vector ALU,Varies,D3D94014 18000114,
0x0027A8,23,v_accvgpr_write_b32,"a24, v24",Vector ALU,Varies,D3D94018 18000118,
0x0027B0,23,v_accvgpr_write_b32,"a28, v28",Vector ALU,Varies,D3D9401C 1800011C,
0x0027B8,23,v_accvgpr_write_b32,"a32, v32",Vector ALU,Varies,D3D94020 18000120,
0x0027C0,23,v_accvgpr_write_b32,"a36, v36",Vector ALU,Varies,D3D94024 18000124,
0x0027C8,23,v_accvgpr_write_b32,"a40, v40",Vector ALU,Varies,D3D94028 18000128,
0x0027D0,23,v_accvgpr_write_b32,"a44, v44",Vector ALU,Varies,D3D9402C 1800012C,
0x0027D8,23,v_accvgpr_write_b32,"a48, v48",Vector ALU,Varies,D3D94030 18000130,
0x0027E0,27,v_add_f32_e32,"v0, v68, v52",Vector ALU,Varies,02006944,
0x0027E4,23,v_accvgpr_write_b32,"a55, v3",Vector ALU,Varies,D3D94037 18000103,
0x0027EC,27,v_add_f32_e32,"v4, v68, v53",Vector ALU,Varies,02086B44,
0x0027F0,23,v_accvgpr_write_b32,"a59, v7",Vector ALU,Varies,D3D9403B 18000107,
0x0027F8,27,v_add_f32_e32,"v8, v68, v54",Vector ALU,Varies,02106D44,
0x0027FC,23,v_accvgpr_write_b32,"a63, v11",Vector ALU,Varies,D3D9403F 1800010B,
0x002804,23,v_accvgpr_write_b32,"a13, v13",Vector ALU,Varies,D3D9400D 1800010D,
0x00280C,23,v_accvgpr_write_b32,"a14, v14",Vector ALU,Varies,D3D9400E 1800010E,
0x002814,23,v_accvgpr_write_b32,"a15, v15",Vector ALU,Varies,D3D9400F 1800010F,
0x00281C,23,v_accvgpr_write_b32,"a17, v17",Vector ALU,Varies,D3D94011 18000111,
0x002824,23,v_accvgpr_write_b32,"a18, v18",Vector ALU,Varies,D3D94012 18000112,
0x00282C,23,v_accvgpr_write_b32,"a19, v19",Vector ALU,Varies,D3D94013 18000113,
0x002834,23,v_accvgpr_write_b32,"a21, v21",Vector ALU,Varies,D3D94015 18000115,
0x00283C,23,v_accvgpr_write_b32,"a22, v22",Vector ALU,Varies,D3D94016 18000116,
0x002844,23,v_accvgpr_write_b32,"a23, v23",Vector ALU,Varies,D3D94017 18000117,
0x00284C,23,v_accvgpr_write_b32,"a25, v25",Vector ALU,Varies,D3D94019 18000119,
0x002854,23,v_accvgpr_write_b32,"a26, v26",Vector ALU,Varies,D3D9401A 1800011A,
0x00285C,23,v_accvgpr_write_b32,"a27, v27",Vector ALU,Varies,D3D9401B 1800011B,
0x002864,23,v_accvgpr_write_b32,"a29, v29",Vector ALU,Varies,D3D9401D 1800011D,
0x00286C,23,v_accvgpr_write_b32,"a30, v30",Vector ALU,Varies,D3D9401E 1800011E,
0x002874,23,v_accvgpr_write_b32,"a31, v31",Vector ALU,Varies,D3D9401F 1800011F,
0x00287C,23,v_accvgpr_write_b32,"a33, v33",Vector ALU,Varies,D3D94021 18000121,
0x002884,23,v_accvgpr_write_b32,"a34, v34",Vector ALU,Varies,D3D94022 18000122,
0x00288C,23,v_accvgpr_write_b32,"a35, v35",Vector ALU,Varies,D3D94023 18000123,
0x002894,23,v_accvgpr_write_b32,"a37, v37",Vector ALU,Varies,D3D94025 18000125,
0x00289C,23,v_accvgpr_write_b32,"a38, v38",Vector ALU,Varies,D3D94026 18000126,
0x0028A4,23,v_accvgpr_write_b32,"a39, v39",Vector ALU,Varies,D3D94027 18000127,
0x0028AC,23,v_accvgpr_write_b32,"a41, v41",Vector ALU,Varies,D3D94029 18000129,
0x0028B4,23,v_accvgpr_write_b32,"a42, v42",Vector ALU,Varies,D3D9402A 1800012A,
0x0028BC,23,v_accvgpr_write_b32,"a43, v43",Vector ALU,Varies,D3D9402B 1800012B,
0x0028C4,23,v_accvgpr_write_b32,"a45, v45",Vector ALU,Varies,D3D9402D 1800012D,
0x0028CC,23,v_accvgpr_write_b32,"a46, v46",Vector ALU,Varies,D3D9402E 1800012E,
0x0028D4,23,v_accvgpr_write_b32,"a47, v47",Vector ALU,Varies,D3D9402F 1800012F,
0x0028DC,23,v_accvgpr_write_b32,"a49, v49",Vector ALU,Varies,D3D94031 18000131,
0x0028E4,23,v_accvgpr_write_b32,"a50, v50",Vector ALU,Varies,D3D94032 18000132,
0x0028EC,23,v_accvgpr_write_b32,"a51, v51",Vector ALU,Varies,D3D94033 18000133,
0x0028F4,23,v_accvgpr_write_b32,"a54, v2",Vector ALU,Varies,D3D94036 18000102,
0x0028FC,23,v_accvgpr_write_b32,"a53, v1",Vector ALU,Varies,D3D94035 18000101,
0x002904,23,v_accvgpr_write_b32,"a52, v0",Vector ALU,Varies,D3D94034 18000100,
0x00290C,23,v_accvgpr_write_b32,"a58, v6",Vector ALU,Varies,D3D9403A 18000106,
0x002914,23,v_accvgpr_write_b32,"a57, v5",Vector ALU,Varies,D3D94039 18000105,
0x00291C,23,v_accvgpr_write_b32,"a56, v4",Vector ALU,Varies,D3D94038 18000104,
0x002924,23,v_accvgpr_write_b32,"a62, v10",Vector ALU,Varies,D3D9403E 1800010A,
0x00292C,23,v_accvgpr_write_b32,"a61, v9",Vector ALU,Varies,D3D9403D 18000109,
0x002934,23,v_accvgpr_write_b32,"a60, v8",Vector ALU,Varies,D3D9403C 18000108,
0x00293C,23,v_mfma_f32_16x16x16_f16,"a[12:15], v[66:67], v[66:67], a[12:15]",Vector ALU,Varies,D3CD800C 04328542,
0x002944,27,v_accvgpr_read_b32,"v52, a0",Vector ALU,Varies,D3D84034 18000100,
0x00294C,27,v_accvgpr_read_b32,"v0, a0",Vector ALU,Varies,D3D84000 18000100,
0x002954,27,v_accvgpr_read_b32,"v53, a4",Vector ALU,Varies,D3D84035 18000104,
0x00295C,23,v_mfma_f32_16x16x16_f16,"a[16:19], v[66:67], v[66:67], a[16:19]",Vector ALU,Varies,D3CD8010 04428542,
0x002964,27,v_accvgpr_read_b32,"v4, a4",Vector ALU,Varies,D3D84004 18000104,
0x00296C,27,v_accvgpr_read_b32,"v54, a8",Vector ALU,Varies,D3D84036 18000108,
0x002974,27,v_accvgpr_read_b32,"v8, a8",Vector ALU,Varies,D3D84008 18000108,
0x00297C,23,v_mfma_f32_16x16x16_f16,"a[20:23], v[66:67], v[66:67], a[20:23]",Vector ALU,Varies,D3CD8014 04528542,
0x002984,27,v_add_f32_e32,"v0, v68, v52",Vector ALU,Varies,02006944,
0x002988,27,v_add_f32_e32,"v4, v68, v53",Vector ALU,Varies,02086B44,
0x00298C,27,v_add_f32_e32,"v8, v68, v54",Vector ALU,Varies,02106D44,
0x002990,23,v_mfma_f32_16x16x16_f16,"a[24:27], v[66:67], v[66:67], a[24:27]",Vector ALU,Varies,D3CD8018 04628542,
0x002998,27,v_accvgpr_read_b32,"v1, a1",Vector ALU,Varies,D3D84001 18000101,
0x0029A0,27,v_accvgpr_read_b32,"v2, a2",Vector ALU,Varies,D3D84002 18000102,
0x0029A8,27,v_accvgpr_read_b32,"v3, a3",Vector ALU,Varies,D3D84003 18000103,
0x0029B0,23,v_mfma_f32_16x16x16_f16,"a[28:31], v[66:67], v[66:67], a[28:31]",Vector ALU,Varies,D3CD801C 04728542,
0x0029B8,27,v_accvgpr_read_b32,"v5, a5",Vector ALU,Varies,D3D84005 18000105,
0x0029C0,27,v_accvgpr_read_b32,"v6, a6",Vector ALU,Varies,D3D84006 18000106,
0x0029C8,27,v_accvgpr_read_b32,"v7, a7",Vector ALU,Varies,D3D84007 18000107,
0x0029D0,23,v_mfma_f32_16x16x16_f16,"a[32:35], v[66:67], v[66:67], a[32:35]",Vector ALU,Varies,D3CD8020 04828542,
0x0029D8,27,v_accvgpr_read_b32,"v9, a9",Vector ALU,Varies,D3D84009 18000109,
0x0029E0,27,v_accvgpr_read_b32,"v10, a10",Vector ALU,Varies,D3D8400A 1800010A,
0x0029E8,27,v_accvgpr_read_b32,"v11, a11",Vector ALU,Varies,D3D8400B 1800010B,
0x0029F0,23,v_mfma_f32_16x16x16_f16,"a[36:39], v[66:67], v[66:67], a[36:39]",Vector ALU,Varies,D3CD8024 04928542,
0x0029F8,23,v_accvgpr_write_b32,"a0, v0",Vector ALU,Varies,D3D94000 18000100,
0x002A00,23,v_accvgpr_write_b32,"a4, v4",Vector ALU,Varies,D3D94004 18000104,
0x002A08,23,v_accvgpr_write_b32,"a8, v8",Vector ALU,Varies,D3D94008 18000108,
0x002A10,23,v_mfma_f32_16x16x16_f16,"a[40:43], v[66:67], v[66:67], a[40:43]",Vector ALU,Varies,D3CD8028 04A28542,
0x002A18,27,v_accvgpr_read_b32,"v55, a12",Vector ALU,Varies,D3D84037 1800010C,
0x002A20,27,v_accvgpr_read_b32,"v12, a12",Vector ALU,Varies,D3D8400C 1800010C,
0x002A28,27,v_accvgpr_read_b32,"v56, a16",Vector ALU,Varies,D3D84038 18000110,
0x002A30,23,v_mfma_f32_16x16x16_f16,"a[44:47], v[66:67], v[66:67], a[44:47]",Vector ALU,Varies,D3CD802C 04B28542,
0x002A38,27,v_accvgpr_read_b32,"v16, a16",Vector ALU,Varies,D3D84010 18000110,
0x002A40,27,v_accvgpr_read_b32,"v57, a20",Vector ALU,Varies,D3D84039 18000114,
0x002A48,27,v_accvgpr_read_b32,"v20, a20",Vector ALU,Varies,D3D84014 18000114,
0x002A50,23,v_mfma_f32_16x16x16_f16,"a[48:51], v[66:67], v[66:67], a[48:51]",Vector ALU,Varies,D3CD8030 04C28542,
0x002A58,27,v_accvgpr_read_b32,"v58, a24",Vector ALU,Varies,D3D8403A 18000118,
0x002A60,27,v_accvgpr_read_b32,"v24, a24",Vector ALU,Varies,D3D84018 18000118,
0x002A68,27,v_accvgpr_read_b32,"v59, a28",Vector ALU,Varies,D3D8403B 1800011C,
0x002A70,23,v_mfma_f32_16x16x16_f16,"a[52:55], v[66:67], v[66:67], a[52:55]",Vector ALU,Varies,D3CD8034 04D28542,
0x002A78,27,v_accvgpr_read_b32,"v28, a28",Vector ALU,Varies,D3D8401C 1800011C,
0x002A80,27,v_accvgpr_read_b32,"v60, a32",Vector ALU,Varies,D3D8403C 18000120,
0x002A88,27,v_accvgpr_read_b32,"v32, a32",Vector ALU,Varies,D3D84020 18000120,
0x002A90,23,v_mfma_f32_16x16x16_f16,"a[56:59], v[66:67], v[66:67], a[56:59]",Vector ALU,Varies,D3CD8038 04E28542,
0x002A98,27,v_accvgpr_read_b32,"v61, a36",Vector ALU,Varies,D3D8403D 18000124,
0x002AA0,27,v_accvgpr_read_b32,"v36, a36",Vector ALU,Varies,D3D84024 18000124,
0x002AA8,27,v_accvgpr_read_b32,"v62, a40",Vector ALU,Varies,D3D8403E 18000128,
0x002AB0,23,v_mfma_f32_16x16x16_f16,"a[60:63], v[66:67], v[66:67], a[60:63]",Vector ALU,Varies,D3CD803C 04F28542,
0x002AB8,27,v_accvgpr_read_b32,"v40, a40",Vector ALU,Varies,D3D84028 18000128,
0x002AC0,27,v_accvgpr_read_b32,"v63, a44",Vector ALU,Varies,D3D8403F 1800012C,
0x002AC8,27,v_accvgpr_read_b32,"v44, a44",Vector ALU,Varies,D3D8402C 1800012C,
0x002AD0,27,v_accvgpr_read_b32,"v69, a48",Vector ALU,Varies,D3D84045 18000130,
0x002AD8,27,v_accvgpr_read_b32,"v48, a48",Vector ALU,Varies,D3D84030 18000130,
0x002AE0,23,v_accvgpr_write_b32,"a1, v1",Vector ALU,Varies,D3D94001 18000101,
0x002AE8,23,v_accvgpr_write_b32,"a2, v2",Vector ALU,Varies,D3D94002 18000102,
0x002AF0,23,v_accvgpr_write_b32,"a3, v3",Vector ALU,Varies,D3D94003 18000103,
0x002AF8,27,v_accvgpr_read_b32,"v0, a52",Vector ALU,Varies,D3D84000 18000134,
0x002B00,23,v_accvgpr_write_b32,"a5, v5",Vector ALU,Varies,D3D94005 18000105,
0x002B08,23,v_accvgpr_write_b32,"a6, v6",Vector ALU,Varies,D3D94006 18000106,
0x002B10,23,v_accvgpr_write_b32,"a7, v7",Vector ALU,Varies,D3D94007 18000107,
0x002B18,27,v_accvgpr_read_b32,"v4, a56",Vector ALU,Varies,D3D84004 18000138,
0x002B20,23,v_accvgpr_write_b32,"a9, v9",Vector ALU,Varies,D3D94009 18000109,
0x002B28,23,v_accvgpr_write_b32,"a10, v10",Vector ALU,Varies,D3D9400A 1800010A,
0x002B30,23,v_accvgpr_write_b32,"a11, v11",Vector ALU,Varies,D3D9400B 1800010B,
0x002B38,27,v_accvgpr_read_b32,"v8, a60",Vector ALU,Varies,D3D84008 1800013C,
0x002B40,27,v_accvgpr_read_b32,"v52, a52",Vector ALU,Varies,D3D84034 18000134,
0x002B48,27,v_accvgpr_read_b32,"v3, a55",Vector ALU,Varies,D3D84003 18000137,
0x002B50,27,v_accvgpr_read_b32,"v53, a56",Vector ALU,Varies,D3D84035 18000138,
0x002B58,27,v_accvgpr_read_b32,"v7, a59",Vector ALU,Varies,D3D84007 1800013B,
0x002B60,27,v_accvgpr_read_b32,"v54, a60",Vector ALU,Varies,D3D84036 1800013C,
0x002B68,27,v_accvgpr_read_b32,"v11, a63",Vector ALU,Varies,D3D8400B 1800013F,
0x002B70,27,v_add_f32_e32,"v12, v68, v55",Vector ALU,Varies,02186F44,
0x002B74,27,v_add_f32_e32,"v16, v68, v56",Vector ALU,Varies,02207144,
0x002B78,27,v_add_f32_e32,"v20, v68, v57",Vector ALU,Varies,02287344,
0x002B7C,27,v_add_f32_e32,"v24, v68, v58",Vector ALU,Varies,02307544,
0x002B80,27,v_add_f32_e32,"v28, v68, v59",Vector ALU,Varies,02387744,
0x002B84,27,v_add_f32_e32,"v32, v68, v60",Vector ALU,Varies,02407944,
0x002B88,27,v_add_f32_e32,"v36, v68, v61",Vector ALU,Varies,02487B44,
0x002B8C,27,v_add_f32_e32,"v40, v68, v62",Vector ALU,Varies,02507D44,
0x002B90,27,v_add_f32_e32,"v44, v68, v63",Vector ALU,Varies,02587F44,
0x002B94,27,v_add_f32_e32,"v48, v68, v69",Vector ALU,Varies,02608B44,
0x002B98,27,v_accvgpr_read_b32,"v13, a13",Vector ALU,Varies,D3D8400D 1800010D,
0x002BA0,27,v_accvgpr_read_b32,"v14, a14",Vector ALU,Varies,D3D8400E 1800010E,
0x002BA8,27,v_accvgpr_read_b32,"v15, a15",Vector ALU,Varies,D3D8400F 1800010F,
0x002BB0,27,v_accvgpr_read_b32,"v17, a17",Vector ALU,Varies,D3D84011 18000111,
0x002BB8,27,v_accvgpr_read_b32,"v18, a18",Vector ALU,Varies,D3D84012 18000112,
0x002BC0,27,v_accvgpr_read_b32,"v19, a19",Vector ALU,Varies,D3D84013 18000113,
0x002BC8,27,v_accvgpr_read_b32,"v21, a21",Vector ALU,Varies,D3D84015 18000115,
0x002BD0,27,v_accvgpr_read_b32,"v22, a22",Vector ALU,Varies,D3D84016 18000116,
0x002BD8,27,v_accvgpr_read_b32,"v23, a23",Vector ALU,Varies,D3D84017 18000117,
0x002BE0,27,v_accvgpr_read_b32,"v25, a25",Vector ALU,Varies,D3D84019 18000119,
0x002BE8,27,v_accvgpr_read_b32,"v26, a26",Vector ALU,Varies,D3D8401A 1800011A,
0x002BF0,27,v_accvgpr_read_b32,"v27, a27",Vector ALU,Varies,D3D8401B 1800011B,
0x002BF8,27,v_accvgpr_read_b32,"v29, a29",Vector ALU,Varies,D3D8401D 1800011D,
0x002C00,27,v_accvgpr_read_b32,"v30, a30",Vector ALU,Varies,D3D8401E 1800011E,
0x002C08,27,v_accvgpr_read_b32,"v31, a31",Vector ALU,Varies,D3D8401F 1800011F,
0x002C10,27,v_accvgpr_read_b32,"v33, a33",Vector ALU,Varies,D3D84021 18000121,
0x002C18,27,v_accvgpr_read_b32,"v34, a34",Vector ALU,Varies,D3D84022 18000122,
0x002C20,27,v_accvgpr_read_b32,"v35, a35",Vector ALU,Varies,D3D84023 18000123,
0x002C28,27,v_accvgpr_read_b32,"v37, a37",Vector ALU,Varies,D3D84025 18000125,
0x002C30,27,v_accvgpr_read_b32,"v38, a38",Vector ALU,Varies,D3D84026 18000126,
0x002C38,27,v_accvgpr_read_b32,"v39, a39",Vector ALU,Varies,D3D84027 18000127,
0x002C40,27,v_accvgpr_read_b32,"v41, a41",Vector ALU,Varies,D3D84029 18000129,
0x002C48,27,v_accvgpr_read_b32,"v42, a42",Vector ALU,Varies,D3D8402A 1800012A,
0x002C50,27,v_accvgpr_read_b32,"v43, a43",Vector ALU,Varies,D3D8402B 1800012B,
0x002C58,27,v_accvgpr_read_b32,"v45, a45",Vector ALU,Varies,D3D8402D 1800012D,
0x002C60,27,v_accvgpr_read_b32,"v46, a46",Vector ALU,Varies,D3D8402E 1800012E,
0x002C68,27,v_accvgpr_read_b32,"v47, a47",Vector ALU,Varies,D3D8402F 1800012F,
0x002C70,27,v_accvgpr_read_b32,"v49, a49",Vector ALU,Varies,D3D84031 18000131,
0x002C78,27,v_accvgpr_read_b32,"v50, a50",Vector ALU,Varies,D3D84032 18000132,
0x002C80,27,v_accvgpr_read_b32,"v51, a51",Vector ALU,Varies,D3D84033 18000133,
0x002C88,27,v_accvgpr_read_b32,"v1, a53",Vector ALU,Varies,D3D84001 18000135,
0x002C90,27,v_accvgpr_read_b32,"v2, a54",Vector ALU,Varies,D3D84002 18000136,
0x002C98,27,v_accvgpr_read_b32,"v5, a57",Vector ALU,Varies,D3D84005 18000139,
0x002CA0,27,v_accvgpr_read_b32,"v6, a58",Vector ALU,Varies,D3D84006 1800013A,
0x002CA8,27,v_accvgpr_read_b32,"v9, a61",Vector ALU,Varies,D3D84009 1800013D,
0x002CB0,27,v_accvgpr_read_b32,"v10, a62",Vector ALU,Varies,D3D8400A 1800013E,
0x002CB8,23,v_accvgpr_write_b32,"a12, v12",Vector ALU,Varies,D3D9400C 1800010C,
0x002CC0,23,v_accvgpr_write_b32,"a16, v16",Vector ALU,Varies,D3D94010 18000110,
0x002CC8,23,v_accvgpr_write_b32,"a20, v20",Vector ALU,Varies,D3D94014 18000114,
0x002CD0,23,v_accvgpr_write_b32,"a24, v24",Vector ALU,Varies,D3D94018 18000118,
0x002CD8,23,v_accvgpr_write_b32,"a28, v28",Vector ALU,Varies,D3D9401C 1800011C,
0x002CE0,23,v_accvgpr_write_b32,"a32, v32",Vector ALU,Varies,D3D94020 18000120,
0x002CE8,23,v_accvgpr_write_b32,"a36, v36",Vector ALU,Varies,D3D94024 18000124,
0x002CF0,23,v_accvgpr_write_b32,"a40, v40",Vector ALU,Varies,D3D94028 18000128,
0x002CF8,23,v_accvgpr_write_b32,"a44, v44",Vector ALU,Varies,D3D9402C 1800012C,
0x002D00,23,v_accvgpr_write_b32,"a48, v48",Vector ALU,Varies,D3D94030 18000130,
0x002D08,27,v_add_f32_e32,"v0, v68, v52",Vector ALU,Varies,02006944,
0x002D0C,23,v_accvgpr_write_b32,"a55, v3",Vector ALU,Varies,D3D94037 18000103,
0x002D14,27,v_add_f32_e32,"v4, v68, v53",Vector ALU,Varies,02086B44,
0x002D18,23,v_accvgpr_write_b32,"a59, v7",Vector ALU,Varies,D3D9403B 18000107,
0x002D20,27,v_add_f32_e32,"v8, v68, v54",Vector ALU,Varies,02106D44,
0x002D24,23,v_accvgpr_write_b32,"a63, v11",Vector ALU,Varies,D3D9403F 1800010B,
0x002D2C,23,v_accvgpr_write_b32,"a13, v13",Vector ALU,Varies,D3D9400D 1800010D,
0x002D34,23,v_accvgpr_write_b32,"a14, v14",Vector ALU,Varies,D3D9400E 1800010E,
0x002D3C,23,v_accvgpr_write_b32,"a15, v15",Vector ALU,Varies,D3D9400F 1800010F,
0x002D44,23,v_accvgpr_write_b32,"a17, v17",Vector ALU,Varies,D3D94011 18000111,
0x002D4C,23,v_accvgpr_write_b32,"a18, v18",Vector ALU,Varies,D3D94012 18000112,
0x002D54,23,v_accvgpr_write_b32,"a19, v19",Vector ALU,Varies,D3D94013 18000113,
0x002D5C,23,v_accvgpr_write_b32,"a21, v21",Vector ALU,Varies,D3D94015 18000115,
0x002D64,23,v_accvgpr_write_b32,"a22, v22",Vector ALU,Varies,D3D94016 18000116,
0x002D6C,23,v_accvgpr_write_b32,"a23, v23",Vector ALU,Varies,D3D94017 18000117,
0x002D74,23,v_accvgpr_write_b32,"a25, v25",Vector ALU,Varies,D3D94019 18000119,
0x002D7C,23,v_accvgpr_write_b32,"a26, v26",Vector ALU,Varies,D3D9401A 1800011A,
0x002D84,23,v_accvgpr_write_b32,"a27, v27",Vector ALU,Varies,D3D9401B 1800011B,
0x002D8C,23,v_accvgpr_write_b32,"a29, v29",Vector ALU,Varies,D3D9401D 1800011D,
0x002D94,23,v_accvgpr_write_b32,"a30, v30",Vector ALU,Varies,D3D9401E 1800011E,
0x002D9C,23,v_accvgpr_write_b32,"a31, v31",Vector ALU,Varies,D3D9401F 1800011F,
0x002DA4,23,v_accvgpr_write_b32,"a33, v33",Vector ALU,Varies,D3D94021 18000121,
0x002DAC,23,v_accvgpr_write_b32,"a34, v34",Vector ALU,Varies,D3D94022 18000122,
0x002DB4,23,v_accvgpr_write_b32,"a35, v35",Vector ALU,Varies,D3D94023 18000123,
0x002DBC,23,v_accvgpr_write_b32,"a37, v37",Vector ALU,Varies,D3D94025 18000125,
0x002DC4,23,v_accvgpr_write_b32,"a38, v38",Vector ALU,Varies,D3D94026 18000126,
0x002DCC,23,v_accvgpr_write_b32,"a39, v39",Vector ALU,Varies,D3D94027 18000127,
0x002DD4,23,v_accvgpr_write_b32,"a41, v41",Vector ALU,Varies,D3D94029 18000129,
0x002DDC,23,v_accvgpr_write_b32,"a42, v42",Vector ALU,Varies,D3D9402A 1800012A,
0x002DE4,23,v_accvgpr_write_b32,"a43, v43",Vector ALU,Varies,D3D9402B 1800012B,
0x002DEC,23,v_accvgpr_write_b32,"a45, v45",Vector ALU,Varies,D3D9402D 1800012D,
0x002DF4,23,v_accvgpr_write_b32,"a46, v46",Vector ALU,Varies,D3D9402E 1800012E,
0x002DFC,23,v_accvgpr_write_b32,"a47, v47",Vector ALU,Varies,D3D9402F 1800012F,
0x002E04,23,v_accvgpr_write_b32,"a49, v49",Vector ALU,Varies,D3D94031 18000131,
0x002E0C,23,v_accvgpr_write_b32,"a50, v50",Vector ALU,Varies,D3D94032 18000132,
0x002E14,23,v_accvgpr_write_b32,"a51, v51",Vector ALU,Varies,D3D94033 18000133,
0x002E1C,23,v_accvgpr_write_b32,"a54, v2",Vector ALU,Varies,D3D94036 18000102,
0x002E24,23,v_accvgpr_write_b32,"a53, v1",Vector ALU,Varies,D3D94035 18000101,
0x002E2C,23,v_accvgpr_write_b32,"a52, v0",Vector ALU,Varies,D3D94034 18000100,
0x002E34,23,v_accvgpr_write_b32,"a58, v6",Vector ALU,Varies,D3D9403A 18000106,
0x002E3C,23,v_accvgpr_write_b32,"a57, v5",Vector ALU,Varies,D3D94039 18000105,
0x002E44,23,v_accvgpr_write_b32,"a56, v4",Vector ALU,Varies,D3D94038 18000104,
0x002E4C,23,v_accvgpr_write_b32,"a62, v10",Vector ALU,Varies,D3D9403E 1800010A,
0x002E54,23,v_accvgpr_write_b32,"a61, v9",Vector ALU,Varies,D3D9403D 18000109,
0x002E5C,23,v_accvgpr_write_b32,"a60, v8",Vector ALU,Varies,D3D9403C 18000108,
0x002E64,23,v_mfma_f32_16x16x16_f16,"a[0:3], v[66:67], v[66:67], a[0:3]",Vector ALU,Varies,D3CD8000 04028542,
0x002E6C,17,s_add_i32,"s0, s0, -4",Scalar ALU,4,8100C400,
0x002E70,17,s_cmp_lg_u32,"s0, 0",Scalar ALU,Varies,BF078000,
0x002E74,23,v_mfma_f32_16x16x16_f16,"a[4:7], v[66:67], v[66:67], a[4:7]",Vector ALU,Varies,D3CD8004 04128542,
0x002E7C,23,v_mfma_f32_16x16x16_f16,"a[8:11], v[66:67], v[66:67], a[8:11]",Vector ALU,Varies,D3CD8008 04228542,
0x002E84,27,s_nop,"3",Flow Control,1,BF800003,
0x002E88,27,v_accvgpr_read_b32,"v0, a0",Vector ALU,Varies,D3D84000 18000100,
0x002E90,27,v_add_f32_e32,"v60, v68, v0",Vector ALU,Varies,02780144,
0x002E94,23,v_mfma_f32_16x16x16_f16,"a[12:15], v[66:67], v[66:67], a[12:15]",Vector ALU,Varies,D3CD800C 04328542,
0x002E9C,27,v_accvgpr_read_b32,"v1, a4",Vector ALU,Varies,D3D84001 18000104,
0x002EA4,27,v_add_f32_e32,"v56, v68, v1",Vector ALU,Varies,02700344,
0x002EA8,23,v_mfma_f32_16x16x16_f16,"a[16:19], v[66:67], v[66:67], a[16:19]",Vector ALU,Varies,D3CD8010 04428542,
0x002EB0,27,v_accvgpr_read_b32,"v2, a8",Vector ALU,Varies,D3D84002 18000108,
0x002EB8,27,v_add_f32_e32,"v52, v68, v2",Vector ALU,Varies,02680544,
0x002EBC,23,v_mfma_f32_16x16x16_f16,"a[20:23], v[66:67], v[66:67], a[20:23]",Vector ALU,Varies,D3CD8014 04528542,
0x002EC4,27,s_nop,"1",Flow Control,1,BF800001,
0x002EC8,27,v_accvgpr_read_b32,"v3, a12",Vector ALU,Varies,D3D84003 1800010C,
0x002ED0,27,v_add_f32_e32,"v48, v68, v3",Vector ALU,Varies,02600744,
0x002ED4,23,v_mfma_f32_16x16x16_f16,"a[24:27], v[66:67], v[66:67], a[24:27]",Vector ALU,Varies,D3CD8018 04628542,
0x002EDC,27,v_accvgpr_read_b32,"v4, a16",Vector ALU,Varies,D3D84004 18000110,
0x002EE4,27,v_add_f32_e32,"v44, v68, v4",Vector ALU,Varies,02580944,
0x002EE8,23,v_mfma_f32_16x16x16_f16,"a[28:31], v[66:67], v[66:67], a[28:31]",Vector ALU,Varies,D3CD801C 04728542,
0x002EF0,27,v_accvgpr_read_b32,"v5, a20",Vector ALU,Varies,D3D84005 18000114,
0x002EF8,27,v_add_f32_e32,"v40, v68, v5",Vector ALU,Varies,02500B44,
0x002EFC,23,v_mfma_f32_16x16x16_f16,"a[32:35], v[66:67], v[66:67], a[32:35]",Vector ALU,Varies,D3CD8020 04828542,
0x002F04,27,s_nop,"1",Flow Control,1,BF800001,
0x002F08,27,v_accvgpr_read_b32,"v6, a24",Vector ALU,Varies,D3D84006 18000118,
0x002F10,27,v_add_f32_e32,"v36, v68, v6",Vector ALU,Varies,02480D44,
0x002F14,23,v_mfma_f32_16x16x16_f16,"a[36:39], v[66:67], v[66:67], a[36:39]",Vector ALU,Varies,D3CD8024 04928542,
0x002F1C,27,v_accvgpr_read_b32,"v7, a28",Vector ALU,Varies,D3D84007 1800011C,
0x002F24,27,v_add_f32_e32,"v32, v68, v7",Vector ALU,Varies,02400F44,
0x002F28,23,v_mfma_f32_16x16x16_f16,"a[40:43], v[66:67], v[66:67], a[40:43]",Vector ALU,Varies,D3CD8028 04A28542,
0x002F30,27,v_accvgpr_read_b32,"v8, a32",Vector ALU,Varies,D3D84008 18000120,
0x002F38,27,v_add_f32_e32,"v28, v68, v8",Vector ALU,Varies,02381144,
0x002F3C,23,v_mfma_f32_16x16x16_f16,"a[44:47], v[66:67], v[66:67], a[44:47]",Vector ALU,Varies,D3CD802C 04B28542,
0x002F44,27,s_nop,"1",Flow Control,1,BF800001,
0x002F48,27,v_accvgpr_read_b32,"v9, a36",Vector ALU,Varies,D3D84009 18000124,
0x002F50,27,v_add_f32_e32,"v24, v68, v9",Vector ALU,Varies,02301344,
0x002F54,23,v_mfma_f32_16x16x16_f16,"a[48:51], v[66:67], v[66:67], a[48:51]",Vector ALU,Varies,D3CD8030 04C28542,
0x002F5C,27,v_accvgpr_read_b32,"v10, a40",Vector ALU,Varies,D3D8400A 18000128,
0x002F64,27,v_add_f32_e32,"v20, v68, v10",Vector ALU,Varies,02281544,
0x002F68,23,v_mfma_f32_16x16x16_f16,"a[52:55], v[66:67], v[66:67], a[52:55]",Vector ALU,Varies,D3CD8034 04D28542,
0x002F70,27,v_accvgpr_read_b32,"v11, a44",Vector ALU,Varies,D3D8400B 1800012C,
0x002F78,27,v_add_f32_e32,"v16, v68, v11",Vector ALU,Varies,02201744,
0x002F7C,23,v_mfma_f32_16x16x16_f16,"a[56:59], v[66:67], v[66:67], a[56:59]",Vector ALU,Varies,D3CD8038 04E28542,
0x002F84,27,s_nop,"1",Flow Control,1,BF800001,
0x002F88,27,v_accvgpr_read_b32,"v12, a48",Vector ALU,Varies,D3D8400C 18000130,
0x002F90,27,v_add_f32_e32,"v12, v68, v12",Vector ALU,Varies,02181944,
0x002F94,23,v_mfma_f32_16x16x16_f16,"a[60:63], v[66:67], v[66:67], a[60:63]",Vector ALU,Varies,D3CD803C 04F28542,
0x002F9C,27,v_accvgpr_read_b32,"v13, a52",Vector ALU,Varies,D3D8400D 18000134,
0x002FA4,27,v_add_f32_e32,"v8, v68, v13",Vector ALU,Varies,02101B44,
0x002FA8,27,s_nop,"0",Flow Control,1,BF800000,
0x002FAC,27,v_accvgpr_read_b32,"v14, a56",Vector ALU,Varies,D3D8400E 18000138,
0x002FB4,27,v_add_f32_e32,"v4, v68, v14",Vector ALU,Varies,02081D44,
0x002FB8,27,s_nop,"2",Flow Control,1,BF800002,
0x002FBC,27,v_accvgpr_read_b32,"v15, a60",Vector ALU,Varies,D3D8400F 1800013C,
0x002FC4,27,v_add_f32_e32,"v0, v68, v15",Vector ALU,Varies,02001F44,
0x002FC8,17,s_cbranch_scc1,"L0",Branch,4|16,BF85FAD5,
0x002FCC,34,v_add_f32_e32,"v1, 0, v60",Vector ALU,Varies,02027880,
0x002FD0,34,v_add_f32_e32,"v1, v1, v56",Vector ALU,Varies,02027101,
0x002FD4,34,v_add_f32_e32,"v1, v1, v52",Vector ALU,Varies,02026901,
0x002FD8,34,v_add_f32_e32,"v1, v1, v48",Vector ALU,Varies,02026101,
0x002FDC,34,v_add_f32_e32,"v1, v1, v44",Vector ALU,Varies,02025901,
0x002FE0,34,v_add_f32_e32,"v1, v1, v40",Vector ALU,Varies,02025101,
0x002FE4,34,v_add_f32_e32,"v1, v1, v36",Vector ALU,Varies,02024901,
0x002FE8,34,v_add_f32_e32,"v1, v1, v32",Vector ALU,Varies,02024101,
0x002FEC,34,v_add_f32_e32,"v1, v1, v28",Vector ALU,Varies,02023901,
0x002FF0,34,v_add_f32_e32,"v1, v1, v24",Vector ALU,Varies,02023101,
0x002FF4,34,v_add_f32_e32,"v1, v1, v20",Vector ALU,Varies,02022901,
0x002FF8,34,v_add_f32_e32,"v1, v1, v16",Vector ALU,Varies,02022101,
0x002FFC,34,v_add_f32_e32,"v1, v1, v12",Vector ALU,Varies,02021901,
0x003000,34,v_add_f32_e32,"v1, v1, v8",Vector ALU,Varies,02021101,
0x003004,34,v_add_f32_e32,"v1, v1, v4",Vector ALU,Varies,02020901,
0x003008,34,v_add_f32_e32,"v2, v1, v0",Vector ALU,Varies,02040101,
0x00300C,36,v_lshl_add_u64,"v[0:1], s[4:5], 0, v[64:65]",Vector ALU,Varies,D2080000 05010004,
0x003014,36,global_store_dword,"v[0:1], v2, off",Vector Memory,Varies,DC708000 007F0200,
0x00301C,37,s_endpgm,"",Flow Control,1,BF810000,

