Address, Source Line Number, Opcode, Operands, Functional Unit, Cycles, Binary Encoding
0x001600,4,s_mov_b32,"s4, 0x3c003c00",Scalar ALU,4,BE8400FF 3C003C00,
0x001608,4,s_mov_b32,"s5, s4",Scalar ALU,4,BE850004,
0x00160C,4,s_mov_b32,"s2, 32",Scalar ALU,4,BE8200A0,
0x001610,32,v_accvgpr_write_b32,"a63, 0",Vector ALU,Varies,D3D9403F 18000080,
0x001618,32,v_accvgpr_write_b32,"a62, 0",Vector ALU,Varies,D3D9403E 18000080,
0x001620,32,v_accvgpr_write_b32,"a61, 0",Vector ALU,Varies,D3D9403D 18000080,
0x001628,32,v_accvgpr_write_b32,"a60, 0",Vector ALU,Varies,D3D9403C 18000080,
0x001630,32,v_accvgpr_write_b32,"a59, 0",Vector ALU,Varies,D3D9403B 18000080,
0x001638,32,v_accvgpr_write_b32,"a58, 0",Vector ALU,Varies,D3D9403A 18000080,
0x001640,32,v_accvgpr_write_b32,"a57, 0",Vector ALU,Varies,D3D94039 18000080,
0x001648,32,v_accvgpr_write_b32,"a56, 0",Vector ALU,Varies,D3D94038 18000080,
0x001650,32,v_accvgpr_write_b32,"a39, 0",Vector ALU,Varies,D3D94027 18000080,
0x001658,32,v_accvgpr_write_b32,"a38, 0",Vector ALU,Varies,D3D94026 18000080,
0x001660,32,v_accvgpr_write_b32,"a37, 0",Vector ALU,Varies,D3D94025 18000080,
0x001668,32,v_accvgpr_write_b32,"a36, 0",Vector ALU,Varies,D3D94024 18000080,
0x001670,32,v_accvgpr_write_b32,"a43, 0",Vector ALU,Varies,D3D9402B 18000080,
0x001678,32,v_accvgpr_write_b32,"a42, 0",Vector ALU,Varies,D3D9402A 18000080,
0x001680,32,v_accvgpr_write_b32,"a41, 0",Vector ALU,Varies,D3D94029 18000080,
0x001688,32,v_accvgpr_write_b32,"a40, 0",Vector ALU,Varies,D3D94028 18000080,
0x001690,32,v_accvgpr_write_b32,"a55, 0",Vector ALU,Varies,D3D94037 18000080,
0x001698,32,v_accvgpr_write_b32,"a54, 0",Vector ALU,Varies,D3D94036 18000080,
0x0016A0,32,v_accvgpr_write_b32,"a53, 0",Vector ALU,Varies,D3D94035 18000080,
0x0016A8,32,v_accvgpr_write_b32,"a52, 0",Vector ALU,Varies,D3D94034 18000080,
0x0016B0,32,v_accvgpr_write_b32,"a47, 0",Vector ALU,Varies,D3D9402F 18000080,
0x0016B8,32,v_accvgpr_write_b32,"a46, 0",Vector ALU,Varies,D3D9402E 18000080,
0x0016C0,32,v_accvgpr_write_b32,"a45, 0",Vector ALU,Varies,D3D9402D 18000080,
0x0016C8,32,v_accvgpr_write_b32,"a44, 0",Vector ALU,Varies,D3D9402C 18000080,
0x0016D0,32,v_accvgpr_write_b32,"a51, 0",Vector ALU,Varies,D3D94033 18000080,
0x0016D8,32,v_accvgpr_write_b32,"a50, 0",Vector ALU,Varies,D3D94032 18000080,
0x0016E0,32,v_accvgpr_write_b32,"a49, 0",Vector ALU,Varies,D3D94031 18000080,
0x0016E8,32,v_accvgpr_write_b32,"a48, 0",Vector ALU,Varies,D3D94030 18000080,
0x0016F0,32,v_accvgpr_write_b32,"a31, 0",Vector ALU,Varies,D3D9401F 18000080,
0x0016F8,32,v_accvgpr_write_b32,"a30, 0",Vector ALU,Varies,D3D9401E 18000080,
0x001700,32,v_accvgpr_write_b32,"a29, 0",Vector ALU,Varies,D3D9401D 18000080,
0x001708,32,v_accvgpr_write_b32,"a28, 0",Vector ALU,Varies,D3D9401C 18000080,
0x001710,32,v_accvgpr_write_b32,"a23, 0",Vector ALU,Varies,D3D94017 18000080,
0x001718,32,v_accvgpr_write_b32,"a22, 0",Vector ALU,Varies,D3D94016 18000080,
0x001720,32,v_accvgpr_write_b32,"a21, 0",Vector ALU,Varies,D3D94015 18000080,
0x001728,32,v_accvgpr_write_b32,"a20, 0",Vector ALU,Varies,D3D94014 18000080,
0x001730,32,v_accvgpr_write_b32,"a19, 0",Vector ALU,Varies,D3D94013 18000080,
0x001738,32,v_accvgpr_write_b32,"a18, 0",Vector ALU,Varies,D3D94012 18000080,
0x001740,32,v_accvgpr_write_b32,"a17, 0",Vector ALU,Varies,D3D94011 18000080,
0x001748,32,v_accvgpr_write_b32,"a16, 0",Vector ALU,Varies,D3D94010 18000080,
0x001750,32,v_accvgpr_write_b32,"a27, 0",Vector ALU,Varies,D3D9401B 18000080,
0x001758,32,v_accvgpr_write_b32,"a26, 0",Vector ALU,Varies,D3D9401A 18000080,
0x001760,32,v_accvgpr_write_b32,"a25, 0",Vector ALU,Varies,D3D94019 18000080,
0x001768,32,v_accvgpr_write_b32,"a24, 0",Vector ALU,Varies,D3D94018 18000080,
0x001770,32,v_accvgpr_write_b32,"a15, 0",Vector ALU,Varies,D3D9400F 18000080,
0x001778,32,v_accvgpr_write_b32,"a14, 0",Vector ALU,Varies,D3D9400E 18000080,
0x001780,32,v_accvgpr_write_b32,"a13, 0",Vector ALU,Varies,D3D9400D 18000080,
0x001788,32,v_accvgpr_write_b32,"a12, 0",Vector ALU,Varies,D3D9400C 18000080,
0x001790,32,v_accvgpr_write_b32,"a7, 0",Vector ALU,Varies,D3D94007 18000080,
0x001798,32,v_accvgpr_write_b32,"a6, 0",Vector ALU,Varies,D3D94006 18000080,
0x0017A0,32,v_accvgpr_write_b32,"a5, 0",Vector ALU,Varies,D3D94005 18000080,
0x0017A8,32,v_accvgpr_write_b32,"a4, 0",Vector ALU,Varies,D3D94004 18000080,
0x0017B0,32,v_accvgpr_write_b32,"a11, 0",Vector ALU,Varies,D3D9400B 18000080,
0x0017B8,32,v_accvgpr_write_b32,"a10, 0",Vector ALU,Varies,D3D9400A 18000080,
0x0017C0,32,v_accvgpr_write_b32,"a9, 0",Vector ALU,Varies,D3D94009 18000080,
0x0017C8,32,v_accvgpr_write_b32,"a8, 0",Vector ALU,Varies,D3D94008 18000080,
0x0017D0,32,v_accvgpr_write_b32,"a3, 0",Vector ALU,Varies,D3D94003 18000080,
0x0017D8,32,v_accvgpr_write_b32,"a2, 0",Vector ALU,Varies,D3D94002 18000080,
0x0017E0,32,v_accvgpr_write_b32,"a1, 0",Vector ALU,Varies,D3D94001 18000080,
0x0017E8,32,v_accvgpr_write_b32,"a0, 0",Vector ALU,Varies,D3D94000 18000080,
0x0017F0,32,v_accvgpr_write_b32,"a35, 0",Vector ALU,Varies,D3D94023 18000080,
0x0017F8,32,v_accvgpr_write_b32,"a34, 0",Vector ALU,Varies,D3D94022 18000080,
0x001800,32,v_accvgpr_write_b32,"a33, 0",Vector ALU,Varies,D3D94021 18000080,
0x001808,32,v_accvgpr_write_b32,"a32, 0",Vector ALU,Varies,D3D94020 18000080,
0x001810,32,v_mov_b64_e32,"v[2:3], s[4:5]",Vector ALU,Varies,7E047004,
0x001814,32,s_mov_b32,"s33, 0",Scalar ALU,4,BEA10080,
L0:
0x001818,32,s_nop,"0",Flow Control,1,BF800000,
0x00181C,32,v_mfma_f32_16x16x16_f16,"a[32:35], v[2:3], v[2:3], a[32:35]",Vector ALU,Varies,D3CD8020 04820502,
0x001824,30,s_add_i32,"s2, s2, -8",Scalar ALU,4,8102C802,
0x001828,30,s_cmp_eq_u32,"s2, 0",Scalar ALU,4,BF068002,
0x00182C,33,v_mfma_f32_16x16x16_f16,"a[60:63], v[2:3], v[2:3], a[60:63]",Vector ALU,Varies,D3CD803C 04F20502,
0x001834,34,v_mfma_f32_16x16x16_f16,"a[56:59], v[2:3], v[2:3], a[56:59]",Vector ALU,Varies,D3CD8038 04E20502,
0x00183C,35,v_mfma_f32_16x16x16_f16,"a[36:39], v[2:3], v[2:3], a[36:39]",Vector ALU,Varies,D3CD8024 04920502,
0x001844,36,v_mfma_f32_16x16x16_f16,"a[40:43], v[2:3], v[2:3], a[40:43]",Vector ALU,Varies,D3CD8028 04A20502,
0x00184C,37,v_mfma_f32_16x16x16_f16,"a[52:55], v[2:3], v[2:3], a[52:55]",Vector ALU,Varies,D3CD8034 04D20502,
0x001854,38,v_mfma_f32_16x16x16_f16,"a[44:47], v[2:3], v[2:3], a[44:47]",Vector ALU,Varies,D3CD802C 04B20502,
0x00185C,39,v_mfma_f32_16x16x16_f16,"a[48:51], v[2:3], v[2:3], a[48:51]",Vector ALU,Varies,D3CD8030 04C20502,
0x001864,40,v_mfma_f32_16x16x16_f16,"a[28:31], v[2:3], v[2:3], a[28:31]",Vector ALU,Varies,D3CD801C 04720502,
0x00186C,41,v_mfma_f32_16x16x16_f16,"a[20:23], v[2:3], v[2:3], a[20:23]",Vector ALU,Varies,D3CD8014 04520502,
0x001874,42,v_mfma_f32_16x16x16_f16,"a[16:19], v[2:3], v[2:3], a[16:19]",Vector ALU,Varies,D3CD8010 04420502,
0x00187C,43,v_mfma_f32_16x16x16_f16,"a[24:27], v[2:3], v[2:3], a[24:27]",Vector ALU,Varies,D3CD8018 04620502,
0x001884,44,v_mfma_f32_16x16x16_f16,"a[12:15], v[2:3], v[2:3], a[12:15]",Vector ALU,Varies,D3CD800C 04320502,
0x00188C,45,v_mfma_f32_16x16x16_f16,"a[4:7], v[2:3], v[2:3], a[4:7]",Vector ALU,Varies,D3CD8004 04120502,
0x001894,46,v_mfma_f32_16x16x16_f16,"a[8:11], v[2:3], v[2:3], a[8:11]",Vector ALU,Varies,D3CD8008 04220502,
0x00189C,47,v_mfma_f32_16x16x16_f16,"a[0:3], v[2:3], v[2:3], a[0:3]",Vector ALU,Varies,D3CD8000 04020502,
0x0018A4,32,v_mfma_f32_16x16x16_f16,"a[32:35], v[2:3], v[2:3], a[32:35]",Vector ALU,Varies,D3CD8020 04820502,
0x0018AC,33,v_mfma_f32_16x16x16_f16,"a[60:63], v[2:3], v[2:3], a[60:63]",Vector ALU,Varies,D3CD803C 04F20502,
0x0018B4,34,v_mfma_f32_16x16x16_f16,"a[56:59], v[2:3], v[2:3], a[56:59]",Vector ALU,Varies,D3CD8038 04E20502,
0x0018BC,35,v_mfma_f32_16x16x16_f16,"a[36:39], v[2:3], v[2:3], a[36:39]",Vector ALU,Varies,D3CD8024 04920502,
0x0018C4,36,v_mfma_f32_16x16x16_f16,"a[40:43], v[2:3], v[2:3], a[40:43]",Vector ALU,Varies,D3CD8028 04A20502,
0x0018CC,37,v_mfma_f32_16x16x16_f16,"a[52:55], v[2:3], v[2:3], a[52:55]",Vector ALU,Varies,D3CD8034 04D20502,
0x0018D4,38,v_mfma_f32_16x16x16_f16,"a[44:47], v[2:3], v[2:3], a[44:47]",Vector ALU,Varies,D3CD802C 04B20502,
0x0018DC,39,v_mfma_f32_16x16x16_f16,"a[48:51], v[2:3], v[2:3], a[48:51]",Vector ALU,Varies,D3CD8030 04C20502,
0x0018E4,40,v_mfma_f32_16x16x16_f16,"a[28:31], v[2:3], v[2:3], a[28:31]",Vector ALU,Varies,D3CD801C 04720502,
0x0018EC,41,v_mfma_f32_16x16x16_f16,"a[20:23], v[2:3], v[2:3], a[20:23]",Vector ALU,Varies,D3CD8014 04520502,
0x0018F4,42,v_mfma_f32_16x16x16_f16,"a[16:19], v[2:3], v[2:3], a[16:19]",Vector ALU,Varies,D3CD8010 04420502,
0x0018FC,43,v_mfma_f32_16x16x16_f16,"a[24:27], v[2:3], v[2:3], a[24:27]",Vector ALU,Varies,D3CD8018 04620502,
0x001904,44,v_mfma_f32_16x16x16_f16,"a[12:15], v[2:3], v[2:3], a[12:15]",Vector ALU,Varies,D3CD800C 04320502,
0x00190C,45,v_mfma_f32_16x16x16_f16,"a[4:7], v[2:3], v[2:3], a[4:7]",Vector ALU,Varies,D3CD8004 04120502,
0x001914,46,v_mfma_f32_16x16x16_f16,"a[8:11], v[2:3], v[2:3], a[8:11]",Vector ALU,Varies,D3CD8008 04220502,
0x00191C,47,v_mfma_f32_16x16x16_f16,"a[0:3], v[2:3], v[2:3], a[0:3]",Vector ALU,Varies,D3CD8000 04020502,
0x001924,32,v_mfma_f32_16x16x16_f16,"a[32:35], v[2:3], v[2:3], a[32:35]",Vector ALU,Varies,D3CD8020 04820502,
0x00192C,33,v_mfma_f32_16x16x16_f16,"a[60:63], v[2:3], v[2:3], a[60:63]",Vector ALU,Varies,D3CD803C 04F20502,
0x001934,34,v_mfma_f32_16x16x16_f16,"a[56:59], v[2:3], v[2:3], a[56:59]",Vector ALU,Varies,D3CD8038 04E20502,
0x00193C,35,v_mfma_f32_16x16x16_f16,"a[36:39], v[2:3], v[2:3], a[36:39]",Vector ALU,Varies,D3CD8024 04920502,
0x001944,36,v_mfma_f32_16x16x16_f16,"a[40:43], v[2:3], v[2:3], a[40:43]",Vector ALU,Varies,D3CD8028 04A20502,
0x00194C,37,v_mfma_f32_16x16x16_f16,"a[52:55], v[2:3], v[2:3], a[52:55]",Vector ALU,Varies,D3CD8034 04D20502,
0x001954,38,v_mfma_f32_16x16x16_f16,"a[44:47], v[2:3], v[2:3], a[44:47]",Vector ALU,Varies,D3CD802C 04B20502,
0x00195C,39,v_mfma_f32_16x16x16_f16,"a[48:51], v[2:3], v[2:3], a[48:51]",Vector ALU,Varies,D3CD8030 04C20502,
0x001964,40,v_mfma_f32_16x16x16_f16,"a[28:31], v[2:3], v[2:3], a[28:31]",Vector ALU,Varies,D3CD801C 04720502,
0x00196C,41,v_mfma_f32_16x16x16_f16,"a[20:23], v[2:3], v[2:3], a[20:23]",Vector ALU,Varies,D3CD8014 04520502,
0x001974,42,v_mfma_f32_16x16x16_f16,"a[16:19], v[2:3], v[2:3], a[16:19]",Vector ALU,Varies,D3CD8010 04420502,
0x00197C,43,v_mfma_f32_16x16x16_f16,"a[24:27], v[2:3], v[2:3], a[24:27]",Vector ALU,Varies,D3CD8018 04620502,
0x001984,44,v_mfma_f32_16x16x16_f16,"a[12:15], v[2:3], v[2:3], a[12:15]",Vector ALU,Varies,D3CD800C 04320502,
0x00198C,45,v_mfma_f32_16x16x16_f16,"a[4:7], v[2:3], v[2:3], a[4:7]",Vector ALU,Varies,D3CD8004 04120502,
0x001994,46,v_mfma_f32_16x16x16_f16,"a[8:11], v[2:3], v[2:3], a[8:11]",Vector ALU,Varies,D3CD8008 04220502,
0x00199C,47,v_mfma_f32_16x16x16_f16,"a[0:3], v[2:3], v[2:3], a[0:3]",Vector ALU,Varies,D3CD8000 04020502,
0x0019A4,32,v_mfma_f32_16x16x16_f16,"a[32:35], v[2:3], v[2:3], a[32:35]",Vector ALU,Varies,D3CD8020 04820502,
0x0019AC,33,v_mfma_f32_16x16x16_f16,"a[60:63], v[2:3], v[2:3], a[60:63]",Vector ALU,Varies,D3CD803C 04F20502,
0x0019B4,34,v_mfma_f32_16x16x16_f16,"a[56:59], v[2:3], v[2:3], a[56:59]",Vector ALU,Varies,D3CD8038 04E20502,
0x0019BC,35,v_mfma_f32_16x16x16_f16,"a[36:39], v[2:3], v[2:3], a[36:39]",Vector ALU,Varies,D3CD8024 04920502,
0x0019C4,36,v_mfma_f32_16x16x16_f16,"a[40:43], v[2:3], v[2:3], a[40:43]",Vector ALU,Varies,D3CD8028 04A20502,
0x0019CC,37,v_mfma_f32_16x16x16_f16,"a[52:55], v[2:3], v[2:3], a[52:55]",Vector ALU,Varies,D3CD8034 04D20502,
0x0019D4,38,v_mfma_f32_16x16x16_f16,"a[44:47], v[2:3], v[2:3], a[44:47]",Vector ALU,Varies,D3CD802C 04B20502,
0x0019DC,39,v_mfma_f32_16x16x16_f16,"a[48:51], v[2:3], v[2:3], a[48:51]",Vector ALU,Varies,D3CD8030 04C20502,
0x0019E4,40,v_mfma_f32_16x16x16_f16,"a[28:31], v[2:3], v[2:3], a[28:31]",Vector ALU,Varies,D3CD801C 04720502,
0x0019EC,41,v_mfma_f32_16x16x16_f16,"a[20:23], v[2:3], v[2:3], a[20:23]",Vector ALU,Varies,D3CD8014 04520502,
0x0019F4,42,v_mfma_f32_16x16x16_f16,"a[16:19], v[2:3], v[2:3], a[16:19]",Vector ALU,Varies,D3CD8010 04420502,
0x0019FC,43,v_mfma_f32_16x16x16_f16,"a[24:27], v[2:3], v[2:3], a[24:27]",Vector ALU,Varies,D3CD8018 04620502,
0x001A04,44,v_mfma_f32_16x16x16_f16,"a[12:15], v[2:3], v[2:3], a[12:15]",Vector ALU,Varies,D3CD800C 04320502,
0x001A0C,45,v_mfma_f32_16x16x16_f16,"a[4:7], v[2:3], v[2:3], a[4:7]",Vector ALU,Varies,D3CD8004 04120502,
0x001A14,46,v_mfma_f32_16x16x16_f16,"a[8:11], v[2:3], v[2:3], a[8:11]",Vector ALU,Varies,D3CD8008 04220502,
0x001A1C,47,v_mfma_f32_16x16x16_f16,"a[0:3], v[2:3], v[2:3], a[0:3]",Vector ALU,Varies,D3CD8000 04020502,
0x001A24,32,v_mfma_f32_16x16x16_f16,"a[32:35], v[2:3], v[2:3], a[32:35]",Vector ALU,Varies,D3CD8020 04820502,
0x001A2C,33,v_mfma_f32_16x16x16_f16,"a[60:63], v[2:3], v[2:3], a[60:63]",Vector ALU,Varies,D3CD803C 04F20502,
0x001A34,34,v_mfma_f32_16x16x16_f16,"a[56:59], v[2:3], v[2:3], a[56:59]",Vector ALU,Varies,D3CD8038 04E20502,
0x001A3C,35,v_mfma_f32_16x16x16_f16,"a[36:39], v[2:3], v[2:3], a[36:39]",Vector ALU,Varies,D3CD8024 04920502,
0x001A44,36,v_mfma_f32_16x16x16_f16,"a[40:43], v[2:3], v[2:3], a[40:43]",Vector ALU,Varies,D3CD8028 04A20502,
0x001A4C,37,v_mfma_f32_16x16x16_f16,"a[52:55], v[2:3], v[2:3], a[52:55]",Vector ALU,Varies,D3CD8034 04D20502,
0x001A54,38,v_mfma_f32_16x16x16_f16,"a[44:47], v[2:3], v[2:3], a[44:47]",Vector ALU,Varies,D3CD802C 04B20502,
0x001A5C,39,v_mfma_f32_16x16x16_f16,"a[48:51], v[2:3], v[2:3], a[48:51]",Vector ALU,Varies,D3CD8030 04C20502,
0x001A64,40,v_mfma_f32_16x16x16_f16,"a[28:31], v[2:3], v[2:3], a[28:31]",Vector ALU,Varies,D3CD801C 04720502,
0x001A6C,41,v_mfma_f32_16x16x16_f16,"a[20:23], v[2:3], v[2:3], a[20:23]",Vector ALU,Varies,D3CD8014 04520502,
0x001A74,42,v_mfma_f32_16x16x16_f16,"a[16:19], v[2:3], v[2:3], a[16:19]",Vector ALU,Varies,D3CD8010 04420502,
0x001A7C,43,v_mfma_f32_16x16x16_f16,"a[24:27], v[2:3], v[2:3], a[24:27]",Vector ALU,Varies,D3CD8018 04620502,
0x001A84,44,v_mfma_f32_16x16x16_f16,"a[12:15], v[2:3], v[2:3], a[12:15]",Vector ALU,Varies,D3CD800C 04320502,
0x001A8C,45,v_mfma_f32_16x16x16_f16,"a[4:7], v[2:3], v[2:3], a[4:7]",Vector ALU,Varies,D3CD8004 04120502,
0x001A94,46,v_mfma_f32_16x16x16_f16,"a[8:11], v[2:3], v[2:3], a[8:11]",Vector ALU,Varies,D3CD8008 04220502,
0x001A9C,47,v_mfma_f32_16x16x16_f16,"a[0:3], v[2:3], v[2:3], a[0:3]",Vector ALU,Varies,D3CD8000 04020502,
0x001AA4,32,v_mfma_f32_16x16x16_f16,"a[32:35], v[2:3], v[2:3], a[32:35]",Vector ALU,Varies,D3CD8020 04820502,
0x001AAC,33,v_mfma_f32_16x16x16_f16,"a[60:63], v[2:3], v[2:3], a[60:63]",Vector ALU,Varies,D3CD803C 04F20502,
0x001AB4,34,v_mfma_f32_16x16x16_f16,"a[56:59], v[2:3], v[2:3], a[56:59]",Vector ALU,Varies,D3CD8038 04E20502,
0x001ABC,35,v_mfma_f32_16x16x16_f16,"a[36:39], v[2:3], v[2:3], a[36:39]",Vector ALU,Varies,D3CD8024 04920502,
0x001AC4,36,v_mfma_f32_16x16x16_f16,"a[40:43], v[2:3], v[2:3], a[40:43]",Vector ALU,Varies,D3CD8028 04A20502,
0x001ACC,37,v_mfma_f32_16x16x16_f16,"a[52:55], v[2:3], v[2:3], a[52:55]",Vector ALU,Varies,D3CD8034 04D20502,
0x001AD4,38,v_mfma_f32_16x16x16_f16,"a[44:47], v[2:3], v[2:3], a[44:47]",Vector ALU,Varies,D3CD802C 04B20502,
0x001ADC,39,v_mfma_f32_16x16x16_f16,"a[48:51], v[2:3], v[2:3], a[48:51]",Vector ALU,Varies,D3CD8030 04C20502,
0x001AE4,40,v_mfma_f32_16x16x16_f16,"a[28:31], v[2:3], v[2:3], a[28:31]",Vector ALU,Varies,D3CD801C 04720502,
0x001AEC,41,v_mfma_f32_16x16x16_f16,"a[20:23], v[2:3], v[2:3], a[20:23]",Vector ALU,Varies,D3CD8014 04520502,
0x001AF4,42,v_mfma_f32_16x16x16_f16,"a[16:19], v[2:3], v[2:3], a[16:19]",Vector ALU,Varies,D3CD8010 04420502,
0x001AFC,43,v_mfma_f32_16x16x16_f16,"a[24:27], v[2:3], v[2:3], a[24:27]",Vector ALU,Varies,D3CD8018 04620502,
0x001B04,44,v_mfma_f32_16x16x16_f16,"a[12:15], v[2:3], v[2:3], a[12:15]",Vector ALU,Varies,D3CD800C 04320502,
0x001B0C,45,v_mfma_f32_16x16x16_f16,"a[4:7], v[2:3], v[2:3], a[4:7]",Vector ALU,Varies,D3CD8004 04120502,
0x001B14,46,v_mfma_f32_16x16x16_f16,"a[8:11], v[2:3], v[2:3], a[8:11]",Vector ALU,Varies,D3CD8008 04220502,
0x001B1C,47,v_mfma_f32_16x16x16_f16,"a[0:3], v[2:3], v[2:3], a[0:3]",Vector ALU,Varies,D3CD8000 04020502,
0x001B24,32,v_mfma_f32_16x16x16_f16,"a[32:35], v[2:3], v[2:3], a[32:35]",Vector ALU,Varies,D3CD8020 04820502,
0x001B2C,33,v_mfma_f32_16x16x16_f16,"a[60:63], v[2:3], v[2:3], a[60:63]",Vector ALU,Varies,D3CD803C 04F20502,
0x001B34,34,v_mfma_f32_16x16x16_f16,"a[56:59], v[2:3], v[2:3], a[56:59]",Vector ALU,Varies,D3CD8038 04E20502,
0x001B3C,35,v_mfma_f32_16x16x16_f16,"a[36:39], v[2:3], v[2:3], a[36:39]",Vector ALU,Varies,D3CD8024 04920502,
0x001B44,36,v_mfma_f32_16x16x16_f16,"a[40:43], v[2:3], v[2:3], a[40:43]",Vector ALU,Varies,D3CD8028 04A20502,
0x001B4C,37,v_mfma_f32_16x16x16_f16,"a[52:55], v[2:3], v[2:3], a[52:55]",Vector ALU,Varies,D3CD8034 04D20502,
0x001B54,38,v_mfma_f32_16x16x16_f16,"a[44:47], v[2:3], v[2:3], a[44:47]",Vector ALU,Varies,D3CD802C 04B20502,
0x001B5C,39,v_mfma_f32_16x16x16_f16,"a[48:51], v[2:3], v[2:3], a[48:51]",Vector ALU,Varies,D3CD8030 04C20502,
0x001B64,40,v_mfma_f32_16x16x16_f16,"a[28:31], v[2:3], v[2:3], a[28:31]",Vector ALU,Varies,D3CD801C 04720502,
0x001B6C,41,v_mfma_f32_16x16x16_f16,"a[20:23], v[2:3], v[2:3], a[20:23]",Vector ALU,Varies,D3CD8014 04520502,
0x001B74,42,v_mfma_f32_16x16x16_f16,"a[16:19], v[2:3], v[2:3], a[16:19]",Vector ALU,Varies,D3CD8010 04420502,
0x001B7C,43,v_mfma_f32_16x16x16_f16,"a[24:27], v[2:3], v[2:3], a[24:27]",Vector ALU,Varies,D3CD8018 04620502,
0x001B84,44,v_mfma_f32_16x16x16_f16,"a[12:15], v[2:3], v[2:3], a[12:15]",Vector ALU,Varies,D3CD800C 04320502,
0x001B8C,45,v_mfma_f32_16x16x16_f16,"a[4:7], v[2:3], v[2:3], a[4:7]",Vector ALU,Varies,D3CD8004 04120502,
0x001B94,46,v_mfma_f32_16x16x16_f16,"a[8:11], v[2:3], v[2:3], a[8:11]",Vector ALU,Varies,D3CD8008 04220502,
0x001B9C,47,v_mfma_f32_16x16x16_f16,"a[0:3], v[2:3], v[2:3], a[0:3]",Vector ALU,Varies,D3CD8000 04020502,
0x001BA4,32,v_mfma_f32_16x16x16_f16,"a[32:35], v[2:3], v[2:3], a[32:35]",Vector ALU,Varies,D3CD8020 04820502,
0x001BAC,35,v_mfma_f32_16x16x16_f16,"a[36:39], v[2:3], v[2:3], a[36:39]",Vector ALU,Varies,D3CD8024 04920502,
0x001BB4,36,v_mfma_f32_16x16x16_f16,"a[40:43], v[2:3], v[2:3], a[40:43]",Vector ALU,Varies,D3CD8028 04A20502,
0x001BBC,38,v_mfma_f32_16x16x16_f16,"a[44:47], v[2:3], v[2:3], a[44:47]",Vector ALU,Varies,D3CD802C 04B20502,
0x001BC4,39,v_mfma_f32_16x16x16_f16,"a[48:51], v[2:3], v[2:3], a[48:51]",Vector ALU,Varies,D3CD8030 04C20502,
0x001BCC,41,v_mfma_f32_16x16x16_f16,"a[20:23], v[2:3], v[2:3], a[20:23]",Vector ALU,Varies,D3CD8014 04520502,
0x001BD4,42,v_mfma_f32_16x16x16_f16,"a[16:19], v[2:3], v[2:3], a[16:19]",Vector ALU,Varies,D3CD8010 04420502,
0x001BDC,44,v_mfma_f32_16x16x16_f16,"a[12:15], v[2:3], v[2:3], a[12:15]",Vector ALU,Varies,D3CD800C 04320502,
0x001BE4,45,v_mfma_f32_16x16x16_f16,"a[4:7], v[2:3], v[2:3], a[4:7]",Vector ALU,Varies,D3CD8004 04120502,
0x001BEC,47,v_mfma_f32_16x16x16_f16,"a[0:3], v[2:3], v[2:3], a[0:3]",Vector ALU,Varies,D3CD8000 04020502,
0x001BF4,46,v_mfma_f32_16x16x16_f16,"a[8:11], v[2:3], v[2:3], a[8:11]",Vector ALU,Varies,D3CD8008 04220502,
0x001BFC,43,v_mfma_f32_16x16x16_f16,"a[24:27], v[2:3], v[2:3], a[24:27]",Vector ALU,Varies,D3CD8018 04620502,
0x001C04,40,v_mfma_f32_16x16x16_f16,"a[28:31], v[2:3], v[2:3], a[28:31]",Vector ALU,Varies,D3CD801C 04720502,
0x001C0C,37,v_mfma_f32_16x16x16_f16,"a[52:55], v[2:3], v[2:3], a[52:55]",Vector ALU,Varies,D3CD8034 04D20502,
0x001C14,34,v_mfma_f32_16x16x16_f16,"a[56:59], v[2:3], v[2:3], a[56:59]",Vector ALU,Varies,D3CD8038 04E20502,
0x001C1C,33,v_mfma_f32_16x16x16_f16,"a[60:63], v[2:3], v[2:3], a[60:63]",Vector ALU,Varies,D3CD803C 04F20502,
0x001C24,30,s_cbranch_scc0,"L0",Branch,4|16,BF84FEFC,
0x001C28,30,v_accvgpr_read_b32,"v9, a32",Vector ALU,Varies,D3D84009 18000120,
0x001C30,30,s_nop,"5",Flow Control,1,BF800005,
0x001C34,30,v_accvgpr_read_b32,"v18, a60",Vector ALU,Varies,D3D84012 1800013C,
0x001C3C,30,v_accvgpr_read_b32,"v17, a56",Vector ALU,Varies,D3D84011 18000138,
0x001C44,52,v_add_f32_e32,"v2, v18, v9",Vector ALU,Varies,02041312,
0x001C48,52,v_accvgpr_read_b32,"v16, a36",Vector ALU,Varies,D3D84010 18000124,
0x001C50,52,v_add_f32_e32,"v2, v17, v2",Vector ALU,Varies,02040511,
0x001C54,52,v_accvgpr_read_b32,"v15, a40",Vector ALU,Varies,D3D8400F 18000128,
0x001C5C,52,v_add_f32_e32,"v2, v16, v2",Vector ALU,Varies,02040510,
0x001C60,52,v_accvgpr_read_b32,"v14, a52",Vector ALU,Varies,D3D8400E 18000134,
0x001C68,52,v_add_f32_e32,"v2, v15, v2",Vector ALU,Varies,0204050F,
0x001C6C,52,v_accvgpr_read_b32,"v13, a44",Vector ALU,Varies,D3D8400D 1800012C,
0x001C74,53,v_add_f32_e32,"v2, v14, v2",Vector ALU,Varies,0204050E,
0x001C78,53,v_accvgpr_read_b32,"v12, a48",Vector ALU,Varies,D3D8400C 18000130,
0x001C80,53,v_add_f32_e32,"v2, v13, v2",Vector ALU,Varies,0204050D,
0x001C84,53,v_accvgpr_read_b32,"v11, a28",Vector ALU,Varies,D3D8400B 1800011C,
0x001C8C,53,v_add_f32_e32,"v2, v12, v2",Vector ALU,Varies,0204050C,
0x001C90,53,v_accvgpr_read_b32,"v10, a20",Vector ALU,Varies,D3D8400A 18000114,
0x001C98,53,v_add_f32_e32,"v2, v11, v2",Vector ALU,Varies,0204050B,
0x001C9C,53,v_accvgpr_read_b32,"v8, a16",Vector ALU,Varies,D3D84008 18000110,
0x001CA4,54,v_add_f32_e32,"v2, v10, v2",Vector ALU,Varies,0204050A,
0x001CA8,54,v_accvgpr_read_b32,"v7, a24",Vector ALU,Varies,D3D84007 18000118,
0x001CB0,54,v_add_f32_e32,"v2, v8, v2",Vector ALU,Varies,02040508,
0x001CB4,54,v_accvgpr_read_b32,"v6, a12",Vector ALU,Varies,D3D84006 1800010C,
0x001CBC,30,s_load_dwordx2,"s[0:1], s[0:1], 0x0",Scalar Memory,Varies,C0060000 00000000,
0x001CC4,54,v_add_f32_e32,"v2, v7, v2",Vector ALU,Varies,02040507,
0x001CC8,54,v_accvgpr_read_b32,"v5, a4",Vector ALU,Varies,D3D84005 18000104,
0x001CD0,54,v_add_f32_e32,"v2, v6, v2",Vector ALU,Varies,02040506,
0x001CD4,54,v_accvgpr_read_b32,"v4, a8",Vector ALU,Varies,D3D84004 18000108,
0x001CDC,55,v_add_f32_e32,"v2, v5, v2",Vector ALU,Varies,02040505,
0x001CE0,55,v_accvgpr_read_b32,"v1, a0",Vector ALU,Varies,D3D84001 18000100,
0x001CE8,55,v_add_f32_e32,"v2, v4, v2",Vector ALU,Varies,02040504,
0x001CEC,55,v_add_f32_e32,"v1, v1, v2",Vector ALU,Varies,02020501,
0x001CF0,57,v_lshlrev_b32_e32,"v0, 2, v0",Vector ALU,Varies,24000082,
0x001CF4,57,s_waitcnt,"lgkmcnt(0)",Flow Control,Varies,BF8CC07F,
0x001CF8,57,global_store_dword,"v0, v1, s[0:1]",Vector Memory,Varies,DC708000 00000100,
0x001D00,58,s_endpgm,"",Flow Control,1,BF810000,

